{"train_loss": 70777.14366319444, "test_loss": 68764.53125, "_timestamp": 1720424093.0261414, "_runtime": 50.96991729736328, "_step": 749, "_wandb": {"runtime": 50}}