feature_index,ks_stat,p_value
Sad,0.1353240740740741,5.9296933627897955e-173
Guilty,0.11402777777777784,8.784743904493157e-123
Happy,0.605,0.0
Hopeless,0.11069444444444443,1.0263238751525556e-115
Anxious,0.16500000000000004,1.99059225911517e-257
Stressed,0.19541666666666668,0.0
Overwhelmed,0.15101851851851855,1.661734706679202e-215
Angry,0.08518518518518514,1.2470406592174563e-68
Calm,0.6305555555555555,0.0
Energetic,0.5700462962962963,0.0
Lonely,0.1107407407407407,8.214396497634734e-116
In pain,0.08199074074074075,1.3243559753268426e-63
Dizzy,0.10750000000000004,3.8503142277401563e-109
Nauseous,0.12805555555555548,7.475005404692716e-155
Racing Heart,0.13143518518518515,3.8337397928505145e-163
Look forward completing tasks,0.618101851851852,0.0
Satisfied with myself,0.6305555555555555,0.0
Satisfied with my physical appearance,0.5875462962962963,0.0
Enjoying moment,0.6112037037037037,0.0
In control,0.6834259259259259,0.0
Concentrated,0.573287037037037,0.0
Worried,0.27069444444444435,0.0
WrongDoing,0.611712962962963,0.0
Impulsivity,0.11412037037037026,5.551124437136713e-123
