feature_index,ks_stat,p_value
Sad,0.12370370370370376,1.681705568120342e-144
Guilty,0.14361111111111113,7.877331349427699e-195
Happy,0.5235648148148149,0.0
Hopeless,0.093287037037037,3.028456099999058e-82
Anxious,0.14055555555555566,1.3079621379372484e-186
Stressed,0.17046296296296293,7.697457096084788e-275
Overwhelmed,0.16402777777777777,2.172197875973879e-254
Angry,0.08847222222222217,5.275517636403616e-74
Calm,0.5771759259259259,0.0
Energetic,0.49430555555555555,0.0
Lonely,0.08981481481481479,2.941000538016699e-76
In pain,0.17759259259259264,1.9275426046958735e-298
Dizzy,0.0970833333333333,4.712439549672058e-89
Nauseous,0.07930555555555552,1.5754970683226792e-59
Racing Heart,0.22166666666666668,0.0
Look forward completing tasks,0.5281481481481483,0.0
Satisfied with myself,0.5875,0.0
Satisfied with my physical appearance,0.5148148148148148,0.0
Enjoying moment,0.48305555555555557,0.0
In control,0.5130092592592592,0.0
Concentrated,0.49749999999999994,0.0
Worried,0.17773148148148155,6.536770606707216e-299
WrongDoing,0.4225462962962963,0.0
Impulsivity,0.2744907407407407,0.0
