euclidean_mean,euclidean_median,euclidean_std,frechet_mean,frechet_median,frechet_std
97.20178809144703,95.40417209641518,15.836706750909945,,,
,,,11.270252632370307,10.862780491200215,2.2231771665032287
