feature_index,ks_stat,p_value
Sad,0.1676388888888889,9.129057984427982e-266
Guilty,0.13416666666666666,5.2872572071398205e-170
Happy,0.6374537037037038,0.0
Hopeless,0.11865740740740738,5.966361750868385e-133
Anxious,0.23731481481481487,0.0
Stressed,0.32518518518518513,0.0
Overwhelmed,0.23449074074074072,0.0
Angry,0.08319444444444446,1.7815251519503547e-65
Calm,0.677962962962963,0.0
Energetic,0.6055092592592592,0.0
Lonely,0.1293981481481481,4.041767640110249e-158
In pain,0.1096759259259259,1.344422702225554e-113
Dizzy,0.09759259259259256,5.484747583087038e-90
Nauseous,0.08134259259259258,1.3128625732299082e-62
Racing Heart,0.09310185185185194,6.402032796969523e-82
Look forward completing tasks,0.6322685185185186,0.0
Satisfied with myself,0.7542129629629629,0.0
Satisfied with my physical appearance,0.5598611111111111,0.0
Enjoying moment,0.6252777777777778,0.0
In control,0.7610648148148148,0.0
Concentrated,0.6564814814814814,0.0
Worried,0.2528703703703703,0.0
WrongDoing,0.8004629629629629,0.0
Impulsivity,0.12648148148148142,4.569894663693969e-151
