euclidean_mean,euclidean_median,euclidean_std,frechet_mean,frechet_median,frechet_std
116.19278926282348,113.89677047855847,21.501735097753965,,,
,,,12.611898135554814,12.449899597988733,2.2113401860385733
