euclidean_mean,euclidean_median,euclidean_std,frechet_mean,frechet_median,frechet_std
105.72696701783389,103.35131871005069,19.46528535878043,,,
,,,11.7623820413456,11.597393470706237,2.3013840864641772
