{"train_loss": 81158.46961805556, "test_loss": 80013.26736111111, "_timestamp": 1720606203.8896582, "_runtime": 50.731165170669556, "_step": 749, "_wandb": {"runtime": 50}}