{"test_loss":88673.99739583333,"_timestamp":1.7272442053985403e+09,"_runtime":48.06560247,"_step":749,"train_loss":89468.07638888889,"_wandb":{"runtime":48}}