{"train_loss": 0.9891525167327813, "val_loss": 3.1098902289836734, "_timestamp": 1716715216.487717, "_runtime": 293.1715958118439, "_step": 499, "_wandb": {"runtime": 500}}