euclidean_mean,euclidean_median,euclidean_std,frechet_mean,frechet_median,frechet_std
115.69813828047971,116.44309350968604,22.05981058113244,,,
,,,12.688623726501747,12.569805089976535,2.2133296020378306
