feature_index,ks_stat,p_value
Sad,0.17009259259259257,1.2168986813158127e-273
Guilty,0.10657407407407415,2.8491034326007235e-107
Happy,0.620787037037037,0.0
Hopeless,0.12115740740740732,1.302021440940887e-138
Anxious,0.21425925925925926,0.0
Stressed,0.332037037037037,0.0
Overwhelmed,0.228287037037037,0.0
Angry,0.0731018518518518,1.2345131097652684e-50
Calm,0.7293055555555555,0.0
Energetic,0.6647685185185185,0.0
Lonely,0.14513888888888882,5.232886047383008e-199
In pain,0.13749999999999996,1.4351909382354392e-178
Dizzy,0.07750000000000001,7.262277836510602e-57
Nauseous,0.13300925925925922,4.443019960420182e-167
Racing Heart,0.08680555555555558,2.9682863995945222e-71
Look forward completing tasks,0.6544444444444444,0.0
Satisfied with myself,0.7692129629629629,0.0
Satisfied with my physical appearance,0.6069907407407408,0.0
Enjoying moment,0.6729166666666666,0.0
In control,0.6863888888888889,0.0
Concentrated,0.6848611111111111,0.0
Worried,0.34273148148148147,0.0
WrongDoing,0.7702777777777778,0.0
Impulsivity,0.11870370370370364,4.698517535939597e-133
