euclidean_mean,euclidean_median,euclidean_std,frechet_mean,frechet_median,frechet_std
102.92810766330622,101.51353143562164,20.599870214417475,,,
,,,11.727505521556436,11.489125293076057,2.33667684678643
