euclidean_mean,euclidean_median,euclidean_std,frechet_mean,frechet_median,frechet_std
105.67478463667506,103.64832931830975,19.71846012674727,,,
,,,11.714993758231902,11.489125293076057,2.2355782548317276
