euclidean_mean,euclidean_median,euclidean_std,frechet_mean,frechet_median,frechet_std
103.44990918385571,101.46919267425446,20.260241878198737,,,
,,,11.620273425928245,11.313708498984761,2.1990707522343445
