{"test_loss":30127.06857638889,"_timestamp":1.7272467744729826e+09,"_runtime":47.687448483,"_step":749,"_wandb":{"runtime":47},"train_loss":30711.009331597223}