euclidean_mean,euclidean_median,euclidean_std,frechet_mean,frechet_median,frechet_std
110.25929571461671,109.13935413620075,24.679927463990104,,,
,,,12.722755621709146,12.4899318420652,2.575167837300768
