{"_wandb":{"runtime":47},"_runtime":47.969501886,"_step":749,"train_loss":38846.166666666664,"test_loss":38209.19097222222,"_timestamp":1.7272466392737367e+09}