{"train_loss": 27527.38791232639, "test_loss": 26837.571614583332, "_timestamp": 1716894496.8107703, "_runtime": 59.891685247421265, "_step": 499, "_wandb": {"runtime": 59}}