{"_step":749,"_wandb":{"runtime":48},"train_loss":35207.59157986111,"test_loss":34678.29296875,"_timestamp":1.727245154572245e+09,"_runtime":48.300204269}