feature_index,ks_stat,p_value
Sad,0.12106481481481479,2.120412414102531e-138
Guilty,0.14916666666666667,3.0826569010212936e-210
Happy,0.48893518518518514,0.0
Hopeless,0.14180555555555552,5.963975541729791e-190
Anxious,0.11902777777777784,8.801814725055815e-134
Stressed,0.14453703703703702,2.343443427956437e-197
Overwhelmed,0.10328703703703701,9.089482365195205e-101
Angry,0.08990740740740744,2.05023055713326e-76
Calm,0.5333796296296296,0.0
Energetic,0.41407407407407404,0.0
Lonely,0.15342592592592585,1.8727433985787285e-222
In pain,0.14819444444444452,1.691491169535472e-207
Dizzy,0.08060185185185187,1.7660927920460782e-61
Nauseous,0.09134259259259259,7.282421639741521e-79
Racing Heart,0.13481481481481483,1.1865678904400037e-171
Look forward completing tasks,0.5444907407407407,0.0
Satisfied with myself,0.5577777777777778,0.0
Satisfied with my physical appearance,0.52625,0.0
Enjoying moment,0.4752777777777778,0.0
In control,0.5948148148148148,0.0
Concentrated,0.463287037037037,0.0
Worried,0.17671296296296302,1.7808331824190088e-295
WrongDoing,0.4236111111111111,0.0
Impulsivity,0.10898148148148146,3.637268277302965e-112
