{"test_loss":128744.69097222222,"_timestamp":1.7272438656550508e+09,"_runtime":47.959697384,"_step":749,"_wandb":{"runtime":47},"train_loss":129677.92274305556}