euclidean_mean,euclidean_median,euclidean_std,frechet_mean,frechet_median,frechet_std
106.61031509268517,104.8395052152319,20.646136153300088,,,
,,,11.78888157588207,11.489125293076057,2.32499559637466
