feature_index,ks_stat,p_value
Sad,0.1917592592592593,0.0
Guilty,0.09356481481481482,9.825526730750356e-83
Happy,0.6468981481481482,0.0
Hopeless,0.13527777777777772,7.789950684401808e-173
Anxious,0.20837962962962964,0.0
Stressed,0.2963888888888888,0.0
Overwhelmed,0.1771759259259259,4.916539807546876e-297
Angry,0.19560185185185186,0.0
Calm,0.6289351851851852,0.0
Energetic,0.5372222222222222,0.0
Lonely,0.13101851851851853,4.1450018934835383e-162
In pain,0.09393518518518518,2.1789977622300897e-83
Dizzy,0.04861111111111105,1.2841996785255424e-22
Nauseous,0.053749999999999964,1.4688631160802781e-27
Racing Heart,0.1489814814814815,1.0282859028763638e-209
Look forward completing tasks,0.6846759259259259,0.0
Satisfied with myself,0.6709259259259259,0.0
Satisfied with my physical appearance,0.554537037037037,0.0
Enjoying moment,0.5833333333333334,0.0
In control,0.6951388888888889,0.0
Concentrated,0.5188888888888888,0.0
Worried,0.353287037037037,0.0
WrongDoing,0.7925925925925925,0.0
Impulsivity,0.15703703703703698,4.36352355793159e-233
