{"_step":749,"train_loss":41131.09548611111,"test_loss":40723.80034722222,"_wandb":{"runtime":48},"_timestamp":1.7272465713219554e+09,"_runtime":48.549306901}