euclidean_mean,euclidean_median,euclidean_std,frechet_mean,frechet_median,frechet_std
101.23301844884749,99.38530064182177,16.317964815972246,,,
,,,11.370465946213404,10.931581632369518,1.9794089323727218
