feature_index,ks_stat,p_value
Sad,0.10712962962962957,2.163421361973433e-108
Guilty,0.19134259259259268,0.0
Happy,0.5133333333333334,0.0
Hopeless,0.09490740740740733,4.06308480126065e-85
Anxious,0.10972222222222217,1.0782669352188914e-113
Stressed,0.14361111111111102,7.877331349433176e-195
Overwhelmed,0.17402777777777778,1.621436550283158e-286
Angry,0.16569444444444448,1.3115229413113108e-259
Calm,0.5309722222222222,0.0
Energetic,0.447037037037037,0.0
Lonely,0.1492592592592592,1.68687227686565e-210
In pain,0.23532407407407407,0.0
Dizzy,0.07222222222222219,1.9665645922646244e-49
Nauseous,0.14037037037037037,4.064489411847197e-186
Racing Heart,0.07597222222222222,1.1662103184382304e-54
Look forward completing tasks,0.5322222222222222,0.0
Satisfied with myself,0.5773611111111111,0.0
Satisfied with my physical appearance,0.5115277777777778,0.0
Enjoying moment,0.5105092592592593,0.0
In control,0.6201388888888889,0.0
Concentrated,0.4951851851851852,0.0
Worried,0.14537037037037037,1.2073578515834434e-199
WrongDoing,0.5362037037037037,0.0
Impulsivity,0.13347222222222221,3.0268331421507987e-168
