{"_step":749,"train_loss":96265.70399305556,"_wandb":{"runtime":48},"test_loss":95459.21440972222,"_timestamp":1.7272441378754604e+09,"_runtime":48.129766917}