euclidean_mean,euclidean_median,euclidean_std,frechet_mean,frechet_median,frechet_std
108.79522052625066,107.40107281645152,20.48807218250649,,,
,,,12.050937120621048,11.853250826618574,2.235427640756889
