euclidean_mean,euclidean_median,euclidean_std,frechet_mean,frechet_median,frechet_std
114.93433654067412,115.05592877336416,20.87791112261827,,,
,,,12.695696250596333,12.864665652695127,2.2141883492439436
