{"train_loss": 32387.547309027777, "test_loss": 30092.770182291668, "_timestamp": 1716894576.7268364, "_runtime": 60.590728521347046, "_step": 499, "_wandb": {"runtime": 60}}