euclidean_mean,euclidean_median,euclidean_std,frechet_mean,frechet_median,frechet_std
114.80626744839242,114.54679380547077,22.72355261522899,,,
,,,12.622856177136697,12.629315426796005,2.4134235107898165
