euclidean_mean,euclidean_median,euclidean_std,frechet_mean,frechet_median,frechet_std
115.13532622903452,115.96966850042263,21.171416493849,,,
,,,12.53184207563392,12.349072441395467,2.123320453188086
