feature_index,ks_stat,p_value
Sad,0.19199074074074074,0.0
Guilty,0.1407870370370371,3.1633875099491084e-187
Happy,0.7657407407407408,0.0
Hopeless,0.13990740740740737,6.872937463877504e-185
Anxious,0.23865740740740737,0.0
Stressed,0.3500925925925925,0.0
Overwhelmed,0.2722685185185185,0.0
Angry,0.08379629629629626,2.0178896528119827e-66
Calm,0.7041666666666667,0.0
Energetic,0.742037037037037,0.0
Lonely,0.12675925925925924,9.889826704296077e-152
In pain,0.11296296296296293,1.676752986573505e-120
Dizzy,0.1124074074074074,2.5458294739384833e-119
Nauseous,0.08092592592592585,5.681249586147267e-62
Racing Heart,0.09689814814814823,1.0272894630771881e-88
Look forward completing tasks,0.735462962962963,0.0
Satisfied with myself,0.7878240740740741,0.0
Satisfied with my physical appearance,0.7069907407407408,0.0
Enjoying moment,0.6244907407407407,0.0
In control,0.830787037037037,0.0
Concentrated,0.6936574074074074,0.0
Worried,0.49287037037037035,0.0
WrongDoing,0.7957407407407406,0.0
Impulsivity,0.17592592592592593,7.7845314196723e-293
