euclidean_mean,euclidean_median,euclidean_std,frechet_mean,frechet_median,frechet_std
105.28249022022335,101.98768470883908,21.21353152342259,,,
,,,11.706310636922076,11.445523142259598,2.174616733714657
