{"_wandb":{"runtime":47},"train_loss":80993.65885416667,"test_loss":79218.984375,"_timestamp":1.7272443426211362e+09,"_runtime":47.886871422,"_step":749}