{"test_loss":46693.55685763889,"_timestamp":1.7272449520890625e+09,"_runtime":48.693924706,"_step":749,"train_loss":47897.68185763889,"_wandb":{"runtime":48}}