feature_index,ks_stat,p_value
Sad,0.1794444444444444,9.818706626624604e-305
Guilty,0.1423148148148149,2.5452390115240644e-191
Happy,0.6543981481481482,0.0
Hopeless,0.12171296296296297,6.924039420879406e-140
Anxious,0.2513425925925926,0.0
Stressed,0.31666666666666665,0.0
Overwhelmed,0.2513888888888889,0.0
Angry,0.08300925925925928,3.4710147388690406e-65
Calm,0.7279629629629629,0.0
Energetic,0.6087037037037037,0.0
Lonely,0.13263888888888886,3.784991149155313e-166
In pain,0.08861111111111108,3.0952907146373986e-74
Dizzy,0.08657407407407414,7.084670900091906e-71
Nauseous,0.08333333333333326,1.0792384990234865e-65
Racing Heart,0.12407407407407411,2.2847853853838447e-145
Look forward completing tasks,0.6935648148148148,0.0
Satisfied with myself,0.7344907407407407,0.0
Satisfied with my physical appearance,0.6593055555555556,0.0
Enjoying moment,0.6509722222222223,0.0
In control,0.767962962962963,0.0
Concentrated,0.5976388888888889,0.0
Worried,0.39152777777777775,0.0
WrongDoing,0.731111111111111,0.0
Impulsivity,0.1365277777777777,4.758809344391416e-176
