euclidean_mean,euclidean_median,euclidean_std,frechet_mean,frechet_median,frechet_std
104.10703693374589,102.48400285695001,20.007842206608885,,,
,,,11.641520961207895,11.313708498984761,2.2354444596051546
