feature_index,ks_stat,p_value
Sad,0.1589814814814815,6.453796718678604e-239
Guilty,0.11935185185185193,1.641252047548339e-134
Happy,0.6812962962962963,0.0
Hopeless,0.11032407407407407,6.074114504035619e-115
Anxious,0.19907407407407407,0.0
Stressed,0.22245370370370365,0.0
Overwhelmed,0.22083333333333333,0.0
Angry,0.06884259259259262,5.981090128589066e-45
Calm,0.6416666666666667,0.0
Energetic,0.5834722222222222,0.0
Lonely,0.10120370370370368,9.423372485354451e-97
In pain,0.07564814814814813,3.380490533861522e-54
Dizzy,0.0750925925925926,2.073519619166071e-53
Nauseous,0.0811574074074074,2.5199471673715333e-62
Racing Heart,0.09685185185185186,1.2479661018927882e-88
Look forward completing tasks,0.6437037037037037,0.0
Satisfied with myself,0.6923148148148148,0.0
Satisfied with my physical appearance,0.6511574074074074,0.0
Enjoying moment,0.6105555555555555,0.0
In control,0.6694907407407408,0.0
Concentrated,0.6850462962962963,0.0
Worried,0.30847222222222215,0.0
WrongDoing,0.7488425925925926,0.0
Impulsivity,0.14462962962962955,1.3070497063802666e-197
