{"_timestamp":1.7272447496165385e+09,"_wandb":{"runtime":48},"_runtime":48.068396656,"_step":749,"train_loss":53366.83376736111,"test_loss":52441.479600694445}