euclidean_mean,euclidean_median,euclidean_std,frechet_mean,frechet_median,frechet_std
116.32535097473827,115.7648462282215,21.546240933901576,,,
,,,12.544091361449121,12.489995996796797,2.2659789947187097
