{"_step":749,"_wandb":{"runtime":47},"train_loss":60735.278645833336,"test_loss":59810.74045138889,"_timestamp":1.7272446141521554e+09,"_runtime":47.643994353}