{"train_loss": 1.354541208360637, "val_loss": 3.675947682162997, "_timestamp": 1716499665.5266714, "_runtime": 1358.2244725227356, "_step": 299, "_wandb": {"runtime": 1357}, "supervisor_loss": 0.04930202822192194, "E_loss": 9.564454078674316, "G_loss": 464.2296142578125, "D_loss": 0.13495700061321259}