{"_wandb":{"runtime":47},"_step":749,"train_loss":85255.15364583333,"test_loss":84705.14670138889,"_timestamp":1.7272458294995866e+09,"_runtime":47.757837127}