feature_index,ks_stat,p_value
Sad,0.08847222222222229,5.2755176364013695e-74
Guilty,0.09685185185185186,1.2479661018927882e-88
Happy,0.4518518518518518,0.0
Hopeless,0.18513888888888885,0.0
Anxious,0.12180555555555561,4.240419461564688e-140
Stressed,0.14648148148148143,1.0239756516298787e-202
Overwhelmed,0.1443981481481481,5.621960648976927e-197
Angry,0.2025,0.0
Calm,0.5089814814814815,0.0
Energetic,0.40722222222222226,0.0
Lonely,0.22486111111111107,0.0
In pain,0.24388888888888893,0.0
Dizzy,0.06564814814814823,6.545639445255151e-41
Nauseous,0.06509259259259259,3.153245714005594e-40
Racing Heart,0.07847222222222228,2.7193168005483192e-58
Look forward completing tasks,0.49833333333333335,0.0
Satisfied with myself,0.5384722222222222,0.0
Satisfied with my physical appearance,0.48976851851851855,0.0
Enjoying moment,0.43638888888888894,0.0
In control,0.4746296296296296,0.0
Concentrated,0.4165740740740741,0.0
Worried,0.12949074074074074,2.3987411494290534e-158
WrongDoing,0.49101851851851847,0.0
Impulsivity,0.10342592592592592,4.874067196138944e-101
