{"_runtime":48.078952739,"_wandb":{"runtime":48},"_step":749,"train_loss":98342.73263888889,"test_loss":98225.40104166667,"_timestamp":1.7272456950136771e+09}