feature_index,ks_stat,p_value
Sad,0.07819444444444446,6.980521717601472e-58
Guilty,0.16722222222222227,1.9322340739420513e-264
Happy,0.5100462962962962,0.0
Hopeless,0.07787037037037037,2.0878981372421704e-57
Anxious,0.11689814814814825,4.8730393434946256e-129
Stressed,0.19027777777777777,0.0
Overwhelmed,0.10175925925925922,8.15522373143593e-98
Angry,0.09972222222222216,6.019527167737752e-94
Calm,0.5292592592592592,0.0
Energetic,0.3456944444444444,0.0
Lonely,0.08087962962962958,6.682402889368141e-62
In pain,0.14750000000000008,1.4919673052424417e-205
Dizzy,0.1794444444444444,9.818706626624604e-305
Nauseous,0.06759259259259254,2.4002950676480094e-43
Racing Heart,0.0998148148148148,4.0313486829993145e-94
Look forward completing tasks,0.5466666666666666,0.0
Satisfied with myself,0.5896759259259259,0.0
Satisfied with my physical appearance,0.49629629629629635,0.0
Enjoying moment,0.4573611111111111,0.0
In control,0.5568518518518518,0.0
Concentrated,0.4912037037037037,0.0
Worried,0.08842592592592602,6.300451679589352e-74
WrongDoing,0.5568055555555556,0.0
Impulsivity,0.09884259259259254,2.6637720905656146e-92
