{"_timestamp":1.72724555972047e+09,"_runtime":47.801858843,"_step":749,"train_loss":113401.82899305556,"test_loss":113353.77256944444,"_wandb":{"runtime":47}}