euclidean_mean,euclidean_median,euclidean_std,frechet_mean,frechet_median,frechet_std
110.51817883347718,108.84848360301453,21.553394488994794,,,
,,,12.053430702371093,11.853250826618574,2.3029757254532135
