{"_runtime":48.303571116,"_step":749,"_wandb":{"runtime":48},"train_loss":110440.09288194444,"test_loss":109742.23871527778,"_timestamp":1.72724400073661e+09}