{"train_loss": 74942.17621527778, "test_loss": 73252.74305555556, "_timestamp": 1720614525.8442128, "_runtime": 51.06096577644348, "_step": 749, "_wandb": {"runtime": 50}}