{"test_loss":83697.19791666667,"_timestamp":1.7272442732122684e+09,"_wandb":{"runtime":48},"_runtime":48.309650394,"_step":749,"train_loss":85175.25260416667}