euclidean_mean,euclidean_median,euclidean_std,frechet_mean,frechet_median,frechet_std
103.40675225106948,103.0194146168374,18.749791998767567,,,
,,,11.523428455762312,11.335762595292653,2.202154743385743
