euclidean_mean,euclidean_median,euclidean_std,frechet_mean,frechet_median,frechet_std
114.24622092411755,113.31792147579182,21.868696656330783,,,
,,,12.390528300462009,12.206555615733702,2.293063838793709
