{"train_loss": 69373.34375, "test_loss": 69231.54470486111, "_timestamp": 1720606132.4333663, "_runtime": 51.42415237426758, "_step": 749, "_wandb": {"runtime": 50}}