feature_index,ks_stat,p_value
Sad,0.06254629629629638,3.579164442773167e-37
Guilty,0.12152777777777779,1.844033040601571e-139
Happy,0.20523148148148146,0.0
Hopeless,0.061851851851851825,2.3213782866036464e-36
Anxious,0.0728240740740741,2.9697586305705725e-50
Stressed,0.062129629629629646,1.1016700746810275e-36
Overwhelmed,0.15337962962962964,2.5536038517049956e-222
Angry,0.11560185185185179,3.408362140572638e-126
Calm,0.1691666666666667,1.1770970243346542e-270
Energetic,0.1221296296296297,7.599570683527944e-141
Lonely,0.14611111111111108,1.088396772146223e-201
In pain,0.08810185185185193,2.177610297502179e-73
Dizzy,0.21166666666666667,0.0
Nauseous,0.3118518518518518,0.0
Racing Heart,0.1463888888888889,1.8499602404650682e-202
Look forward completing tasks,0.25467592592592597,0.0
Satisfied with myself,0.33333333333333337,0.0
Satisfied with my physical appearance,0.22884259259259265,0.0
Enjoying moment,0.3153703703703704,0.0
In control,0.46699074074074076,0.0
Concentrated,0.30138888888888893,0.0
Worried,0.11944444444444446,1.0148626081455797e-134
WrongDoing,0.30486111111111114,0.0
Impulsivity,0.10976851851851854,8.647207302245965e-114
