{"_runtime":48.171204505,"_step":749,"train_loss":53722.131510416664,"_wandb":{"runtime":48},"test_loss":53084.124131944445,"_timestamp":1.7272463012390442e+09}