euclidean_mean,euclidean_median,euclidean_std,frechet_mean,frechet_median,frechet_std
95.15627307184465,93.0375583468919,15.268170434268384,,,
,,,10.969886493889879,10.535653752852738,2.0643619622470277
