feature_index,ks_stat,p_value
Sad,0.10518518518518516,1.6900715407608366e-104
Guilty,0.13717592592592598,9.979916151856905e-178
Happy,0.4891203703703703,0.0
Hopeless,0.1583796296296296,4.189741881881249e-237
Anxious,0.16652777777777783,3.0756098715470035e-262
Stressed,0.10768518518518516,1.6206660611767106e-109
Overwhelmed,0.18347222222222226,1.18214e-318
Angry,0.16726851851851854,1.3770007708215427e-264
Calm,0.5197685185185185,0.0
Energetic,0.3647222222222223,0.0
Lonely,0.09212962962962956,3.179778102422533e-80
In pain,0.09097222222222223,3.1488526149264207e-78
Dizzy,0.07435185185185189,2.2800121981550443e-52
Nauseous,0.07050925925925922,3.916607497879565e-47
Racing Heart,0.1365277777777778,4.758809344388273e-176
Look forward completing tasks,0.5626388888888889,0.0
Satisfied with myself,0.5885648148148148,0.0
Satisfied with my physical appearance,0.4631018518518518,0.0
Enjoying moment,0.4328240740740741,0.0
In control,0.5963888888888889,0.0
Concentrated,0.5010185185185185,0.0
Worried,0.1627777777777778,1.643490316621835e-250
WrongDoing,0.47421296296296295,0.0
Impulsivity,0.10777777777777775,1.0508655671711685e-109
