{"_timestamp":1.7272458972362053e+09,"_wandb":{"runtime":48},"_runtime":48.042733261,"_step":749,"train_loss":80702.5546875,"test_loss":80111.61284722222}