feature_index,ks_stat,p_value
Sad,0.1498611111111111,3.319417016326717e-212
Guilty,0.11527777777777781,1.7326720631028564e-125
Happy,0.5632870370370371,0.0
Hopeless,0.13495370370370374,5.246841778234125e-172
Anxious,0.14763888888888899,6.101082687059035e-206
Stressed,0.14611111111111108,1.088396772146223e-201
Overwhelmed,0.1156018518518519,3.408362140570737e-126
Angry,0.07990740740740743,1.9761830986134382e-60
Calm,0.6101388888888889,0.0
Energetic,0.5042129629629629,0.0
Lonely,0.18999999999999995,0.0
In pain,0.08564814814814814,2.2460599184518823e-69
Dizzy,0.05671296296296291,1.2351148361565842e-30
Nauseous,0.08333333333333326,1.0792384990234865e-65
Racing Heart,0.1755092592592593,1.9243962317432554e-291
Look forward completing tasks,0.6229166666666666,0.0
Satisfied with myself,0.6239351851851852,0.0
Satisfied with my physical appearance,0.550787037037037,0.0
Enjoying moment,0.5223148148148148,0.0
In control,0.6387962962962963,0.0
Concentrated,0.5771759259259259,0.0
Worried,0.18671296296296302,0.0
WrongDoing,0.6581944444444445,0.0
Impulsivity,0.10555555555555551,3.104403320919468e-105
