euclidean_mean,euclidean_median,euclidean_std,frechet_mean,frechet_median,frechet_std
115.35403583964852,114.88471887711233,22.79672915024283,,,
,,,12.665484076546722,12.68857754044952,2.2661670518171
