{"train_loss": 102692.87326388889, "test_loss": 101852.97135416667, "_timestamp": 1720614664.17931, "_runtime": 48.75124406814575, "_step": 749, "_wandb": {"runtime": 48}}