{"train_loss":50347.37847222222,"test_loss":49699.81684027778,"_timestamp":1.727246368599758e+09,"_runtime":48.016070185,"_step":749,"_wandb":{"runtime":48}}