{"train_loss": 55660.81293402778, "test_loss": 55096.02560763889, "_timestamp": 1716889384.4508944, "_runtime": 32.6017062664032, "_step": 499, "_wandb": {"runtime": 32}}