feature_index,ks_stat,p_value
Sad,0.11384259259259255,2.197527614249461e-122
Guilty,0.10888888888888892,5.636973082705165e-112
Happy,0.5112037037037036,0.0
Hopeless,0.1858333333333333,0.0
Anxious,0.1932870370370371,0.0
Stressed,0.129537037037037,1.8476840514662013e-158
Overwhelmed,0.11773148148148149,6.951507040264111e-131
Angry,0.07273148148148145,3.9762374707735127e-50
Calm,0.5634722222222223,0.0
Energetic,0.41921296296296295,0.0
Lonely,0.08870370370370373,2.1683156463855e-74
In pain,0.16953703703703704,7.561296444114731e-272
Dizzy,0.06828703703703709,3.112301727180841e-44
Nauseous,0.06620370370370365,1.340671552835515e-41
Racing Heart,0.12421296296296302,1.0791425721654955e-145
Look forward completing tasks,0.5691666666666666,0.0
Satisfied with myself,0.5439351851851851,0.0
Satisfied with my physical appearance,0.5392592592592593,0.0
Enjoying moment,0.5647685185185185,0.0
In control,0.6246759259259259,0.0
Concentrated,0.4055092592592593,0.0
Worried,0.1298611111111112,2.964737526561672e-159
WrongDoing,0.6000462962962962,0.0
Impulsivity,0.14041666666666663,3.061718351976869e-186
