{"_wandb":{"runtime":48},"train_loss":75640.71180555556,"test_loss":75255.29253472222,"_timestamp":1.7272459652435746e+09,"_runtime":48.129804616,"_step":749}