feature_index,ks_stat,p_value
Sad,0.08180555555555558,2.555341317898156e-63
Guilty,0.12921296296296303,1.1461823128602384e-157
Happy,0.5430092592592592,0.0
Hopeless,0.15027777777777773,2.1670405357911073e-213
Anxious,0.1627777777777778,1.643490316621835e-250
Stressed,0.11624999999999996,1.3007261918681477e-127
Overwhelmed,0.10495370370370372,4.858844114151175e-104
Angry,0.10273148148148148,1.0900805075021802e-99
Calm,0.5570833333333334,0.0
Energetic,0.5478240740740741,0.0
Lonely,0.09370370370370373,5.589511549385886e-83
In pain,0.11935185185185193,1.641252047548339e-134
Dizzy,0.24319444444444438,0.0
Nauseous,0.11995370370370362,7.165591824213111e-136
Racing Heart,0.15449074074074076,1.457094839808305e-225
Look forward completing tasks,0.5371759259259259,0.0
Satisfied with myself,0.5697222222222222,0.0
Satisfied with my physical appearance,0.5458333333333334,0.0
Enjoying moment,0.5319907407407407,0.0
In control,0.5972685185185185,0.0
Concentrated,0.5035648148148149,0.0
Worried,0.19953703703703696,0.0
WrongDoing,0.5291666666666666,0.0
Impulsivity,0.12416666666666665,1.3858261223805592e-145
