{"train_loss": 49986.57378472222, "test_loss": 48531.01605902778, "_timestamp": 1720614733.2959917, "_runtime": 48.95462656021118, "_step": 749, "_wandb": {"runtime": 48}}