feature_index,ks_stat,p_value
Sad,0.1781018518518518,3.640329975055501e-300
Guilty,0.1343981481481482,1.3653725811110648e-170
Happy,0.6776388888888889,0.0
Hopeless,0.11203703703703705,1.5492826807867459e-118
Anxious,0.23564814814814816,0.0
Stressed,0.2869907407407407,0.0
Overwhelmed,0.23875000000000002,0.0
Angry,0.07800925925925928,1.3062583631457793e-57
Calm,0.6572685185185185,0.0
Energetic,0.5935185185185186,0.0
Lonely,0.12245370370370368,1.3556854733381377e-141
In pain,0.1096759259259259,1.344422702225554e-113
Dizzy,0.08564814814814814,2.2460599184518823e-69
Nauseous,0.08189814814814811,1.839958278676274e-63
Racing Heart,0.09231481481481485,1.5160626345441144e-80
Look forward completing tasks,0.6314814814814815,0.0
Satisfied with myself,0.7115277777777778,0.0
Satisfied with my physical appearance,0.6696296296296296,0.0
Enjoying moment,0.6214814814814815,0.0
In control,0.6958333333333333,0.0
Concentrated,0.6389814814814815,0.0
Worried,0.26814814814814814,0.0
WrongDoing,0.7556944444444444,0.0
Impulsivity,0.13370370370370366,7.872252260739077e-169
