euclidean_mean,euclidean_median,euclidean_std,frechet_mean,frechet_median,frechet_std
99.35134010455461,96.97162721136834,20.093533992755248,,,
,,,11.386842431990551,11.202656023910386,2.2424781644217595
