{"train_loss": 54829.234375, "test_loss": 54316.45529513889, "_timestamp": 1716889254.4880261, "_runtime": 32.73504018783569, "_step": 0, "_wandb": {"runtime": 32}}