{"train_loss": 61108.11284722222, "test_loss": 59063.40017361111, "_timestamp": 1716894418.1696732, "_runtime": 34.33246612548828, "_step": 499, "_wandb": {"runtime": 33}}