euclidean_mean,euclidean_median,euclidean_std,frechet_mean,frechet_median,frechet_std
114.80934653655085,113.39953381750179,21.249903347889056,,,
,,,12.409725814276584,12.30851686669123,2.1969258049044713
