feature_index,ks_stat,p_value
Sad,0.1020833333333333,1.944352377839366e-98
Guilty,0.09277777777777785,2.3641266098600224e-81
Happy,0.5389814814814815,0.0
Hopeless,0.07578703703703704,2.1435613793956525e-54
Anxious,0.14435185185185195,7.52459020683245e-197
Stressed,0.15462962962962956,5.706209776055227e-226
Overwhelmed,0.14587962962962964,4.753385733891266e-201
Angry,0.05944444444444441,1.2887066140825025e-33
Calm,0.5953703703703703,0.0
Energetic,0.47898148148148145,0.0
Lonely,0.0831481481481482,2.105081727112264e-65
In pain,0.07268518518518519,4.600310522737023e-50
Dizzy,0.0905555555555555,1.6233153793370288e-77
Nauseous,0.07620370370370366,5.437713120087718e-55
Racing Heart,0.0596296296296297,7.996959096885712e-34
Look forward completing tasks,0.5695833333333333,0.0
Satisfied with myself,0.6574537037037037,0.0
Satisfied with my physical appearance,0.5597222222222222,0.0
Enjoying moment,0.4930092592592593,0.0
In control,0.6465740740740741,0.0
Concentrated,0.5425462962962962,0.0
Worried,0.1663888888888888,8.456254578638011e-262
WrongDoing,0.6322222222222222,0.0
Impulsivity,0.10370370370370363,1.397960157783453e-101
