euclidean_mean,euclidean_median,euclidean_std,frechet_mean,frechet_median,frechet_std
103.1192147304691,101.1133763700054,19.91313910278738,,,
,,,11.644842009594903,11.357816691600547,2.2118089917572306
