{"test_loss":40545.8359375,"_timestamp":1.7272450196213e+09,"_wandb":{"runtime":48},"_runtime":48.033753684,"_step":749,"train_loss":40665.977430555555}