feature_index,ks_stat,p_value
Sad,0.2252777777777777,0.0
Guilty,0.14870370370370367,6.24674522105638e-209
Happy,0.7559259259259259,0.0
Hopeless,0.11699074074074067,3.043513303050903e-129
Anxious,0.3272222222222222,0.0
Stressed,0.3541203703703704,0.0
Overwhelmed,0.2413425925925926,0.0
Angry,0.09995370370370371,2.2078862262924236e-94
Calm,0.7798148148148148,0.0
Energetic,0.690324074074074,0.0
Lonely,0.13370370370370366,7.872252260739077e-169
In pain,0.10731481481481475,9.13367079875544e-109
Dizzy,0.08699074074074076,1.4774865805747864e-71
Nauseous,0.059814814814814765,4.9550636787980655e-34
Racing Heart,0.09444444444444444,2.720309881164901e-84
Look forward completing tasks,0.7783333333333333,0.0
Satisfied with myself,0.8133333333333334,0.0
Satisfied with my physical appearance,0.7094444444444444,0.0
Enjoying moment,0.7257870370370371,0.0
In control,0.7307407407407408,0.0
Concentrated,0.768425925925926,0.0
Worried,0.44976851851851857,0.0
WrongDoing,0.8171296296296295,0.0
Impulsivity,0.1935648148148148,0.0
