feature_index,ks_stat,p_value
Sad,0.2281481481481482,0.0
Guilty,0.09555555555555562,2.7922262153718733e-86
Happy,0.1541203703703704,1.7675320838958533e-224
Hopeless,0.16967592592592595,2.6966548082154583e-272
Anxious,0.0753240740740741,9.754321039760494e-54
Stressed,0.1253240740740741,2.5920443047874738e-148
Overwhelmed,0.23231481481481486,0.0
Angry,0.2531944444444444,0.0
Calm,0.21379629629629626,0.0
Energetic,0.1653703703703704,1.3703791719349689e-258
Lonely,0.34787037037037033,0.0
In pain,0.20879629629629637,0.0
Dizzy,0.19828703703703698,0.0
Nauseous,0.29287037037037034,0.0
Racing Heart,0.09125000000000005,1.0507246570046376e-78
Look forward completing tasks,0.20097222222222222,0.0
Satisfied with myself,0.20967592592592588,0.0
Satisfied with my physical appearance,0.18504629629629632,0.0
Enjoying moment,0.1999537037037037,0.0
In control,0.24648148148148152,0.0
Concentrated,0.2536574074074074,0.0
Worried,0.08902777777777776,6.220368121485667e-75
WrongDoing,0.30486111111111114,0.0
Impulsivity,0.10999999999999999,2.8642488563017053e-114
