euclidean_mean,euclidean_median,euclidean_std,frechet_mean,frechet_median,frechet_std
96.37582428209168,94.82345867631176,16.625463888353405,,,
,,,11.18317813209151,10.723805294763608,2.091749448380263
