feature_index,ks_stat,p_value
Sad,0.21444444444444444,0.0
Guilty,0.12337962962962967,9.597018784691691e-144
Happy,0.7271759259259258,0.0
Hopeless,0.12782407407407403,2.712685497054198e-154
Anxious,0.25689814814814815,0.0
Stressed,0.33305555555555555,0.0
Overwhelmed,0.24745370370370368,0.0
Angry,0.08027777777777778,5.465068081365783e-61
Calm,0.778425925925926,0.0
Energetic,0.6643518518518519,0.0
Lonely,0.15708333333333335,3.175995578465331e-233
In pain,0.08925925925925926,2.5423487993227993e-75
Dizzy,0.11958333333333337,4.931144961618279e-135
Nauseous,0.10731481481481486,9.133670798750713e-109
Racing Heart,0.09828703703703712,2.8671898124467816e-91
Look forward completing tasks,0.695462962962963,0.0
Satisfied with myself,0.7544907407407407,0.0
Satisfied with my physical appearance,0.6414351851851852,0.0
Enjoying moment,0.651712962962963,0.0
In control,0.8150000000000001,0.0
Concentrated,0.7069444444444445,0.0
Worried,0.3919444444444445,0.0
WrongDoing,0.7955092592592592,0.0
Impulsivity,0.16773148148148143,4.627870074187929e-266
