{"_timestamp":1.7272444790921543e+09,"_runtime":47.969073231,"_step":749,"_wandb":{"runtime":47},"train_loss":68552.21831597222,"test_loss":67747.67881944444}