euclidean_mean,euclidean_median,euclidean_std,frechet_mean,frechet_median,frechet_std
118.3325340810678,119.02727352637369,22.49926517707811,,,
,,,13.124246071306294,13.171926198119412,2.273946289266299
