feature_index,ks_stat,p_value
Sad,0.09981481481481491,4.0313486829973756e-94
Guilty,0.21092592592592596,0.0
Happy,0.5076851851851851,0.0
Hopeless,0.14416666666666667,2.412400768321468e-196
Anxious,0.13129629629629636,8.484516132641631e-163
Stressed,0.114074074074074,6.983537908471778e-123
Overwhelmed,0.09555555555555562,2.7922262153718733e-86
Angry,0.19300925925925927,0.0
Calm,0.4535648148148148,0.0
Energetic,0.3722685185185185,0.0
Lonely,0.11587962962962961,8.42674615775293e-127
In pain,0.23675925925925934,0.0
Dizzy,0.2040277777777778,0.0
Nauseous,0.13481481481481472,1.1865678904407773e-171
Racing Heart,0.09824074074074074,3.492916962358483e-91
Look forward completing tasks,0.4955092592592593,0.0
Satisfied with myself,0.5768055555555556,0.0
Satisfied with my physical appearance,0.4674074074074074,0.0
Enjoying moment,0.509537037037037,0.0
In control,0.5961574074074074,0.0
Concentrated,0.46976851851851853,0.0
Worried,0.17555555555555546,1.3479617766562858e-291
WrongDoing,0.5635648148148149,0.0
Impulsivity,0.10537037037037034,7.248833787628639e-105
