{"train_loss": 1.068139703960783, "val_loss": 3.2586159572974105, "_timestamp": 1716499856.9386766, "_runtime": 6.1791136264801025, "_step": 3}