{"train_loss": 1.277528615283925, "val_loss": 3.572995302689948, "_timestamp": 1716499857.7716117, "_runtime": 7.012048721313477, "_step": 4, "_wandb": {"runtime": 704}}