feature_index,ks_stat,p_value
Sad,0.09407407407407409,1.236796531301859e-83
Guilty,0.1705092592592593,5.4487345118764805e-275
Happy,0.5689814814814815,0.0
Hopeless,0.1988888888888889,0.0
Anxious,0.10611111111111116,2.4165147738541515e-106
Stressed,0.07958333333333334,6.055508039345076e-60
Overwhelmed,0.10462962962962963,2.1227455635762773e-103
Angry,0.20606481481481476,0.0
Calm,0.5354629629629629,0.0
Energetic,0.510787037037037,0.0
Lonely,0.14222222222222225,4.520186580747242e-191
In pain,0.17379629629629634,9.45472550619585e-286
Dizzy,0.06379629629629635,1.1730747252502894e-38
Nauseous,0.08097222222222222,4.829637286339547e-62
Racing Heart,0.20384259259259263,0.0
Look forward completing tasks,0.5436574074074074,0.0
Satisfied with myself,0.6039351851851852,0.0
Satisfied with my physical appearance,0.5177314814814815,0.0
Enjoying moment,0.46805555555555556,0.0
In control,0.5051851851851852,0.0
Concentrated,0.4666666666666667,0.0
Worried,0.15129629629629637,2.6581846869494443e-216
WrongDoing,0.5801851851851851,0.0
Impulsivity,0.13990740740740737,6.872937463877504e-185
