euclidean_mean,euclidean_median,euclidean_std,frechet_mean,frechet_median,frechet_std
103.43135301910566,101.06927106009081,19.369927762540282,,,
,,,11.53177512685795,11.180339887498949,2.189963515987906
