feature_index,ks_stat,p_value
Sad,0.14569444444444446,1.5432303495640066e-200
Guilty,0.09699074074074077,6.959062835379656e-89
Happy,0.490324074074074,0.0
Hopeless,0.21592592592592597,0.0
Anxious,0.13787037037037042,1.5556096153397146e-179
Stressed,0.14458333333333329,1.7502253556433213e-197
Overwhelmed,0.11490740740740746,1.1048728980928247e-124
Angry,0.10675925925925922,1.2082936952900289e-107
Calm,0.5198611111111111,0.0
Energetic,0.36388888888888893,0.0
Lonely,0.09652777777777777,4.859955753136232e-88
In pain,0.14916666666666667,3.0826569010212936e-210
Dizzy,0.06583333333333341,3.864167866671896e-41
Nauseous,0.0762962962962963,4.004869607575374e-55
Racing Heart,0.22342592592592592,0.0
Look forward completing tasks,0.5414814814814815,0.0
Satisfied with myself,0.5103240740740741,0.0
Satisfied with my physical appearance,0.4726851851851852,0.0
Enjoying moment,0.5570833333333334,0.0
In control,0.5518518518518518,0.0
Concentrated,0.48398148148148146,0.0
Worried,0.15587962962962965,1.1892201190195413e-229
WrongDoing,0.5393981481481482,0.0
Impulsivity,0.124537037037037,1.8686148210912114e-146
