feature_index,ks_stat,p_value
Sad,0.1621759259259259,1.181765072311673e-248
Guilty,0.10513888888888889,2.087912477117645e-104
Happy,0.65875,0.0
Hopeless,0.10912037037037037,1.8839221554752682e-112
Anxious,0.22791666666666677,0.0
Stressed,0.24912037037037038,0.0
Overwhelmed,0.2018981481481481,0.0
Angry,0.07916666666666672,2.538070330339505e-59
Calm,0.6543055555555556,0.0
Energetic,0.6192592592592593,0.0
Lonely,0.09685185185185186,1.2479661018927882e-88
In pain,0.09638888888888886,8.690860269923968e-88
Dizzy,0.08657407407407414,7.084670900091906e-71
Nauseous,0.08138888888888884,1.1151282105913206e-62
Racing Heart,0.08967592592592599,5.049272867958933e-76
Look forward completing tasks,0.6278703703703703,0.0
Satisfied with myself,0.6888425925925926,0.0
Satisfied with my physical appearance,0.6812962962962963,0.0
Enjoying moment,0.7293518518518518,0.0
In control,0.7955092592592593,0.0
Concentrated,0.5760648148148149,0.0
Worried,0.21513888888888888,0.0
WrongDoing,0.7424537037037038,0.0
Impulsivity,0.14476851851851846,5.440493631447772e-198
