euclidean_mean,euclidean_median,euclidean_std,frechet_mean,frechet_median,frechet_std
102.76055303789374,101.70297042471213,20.032941355333456,,,
,,,11.383073477082023,11.291568084284702,2.1584650909118497
