euclidean_mean,euclidean_median,euclidean_std,frechet_mean,frechet_median,frechet_std
119.74826976045814,119.66202375926424,23.476624318171172,,,
,,,13.133534243042535,13.114877048604,2.35448754937513
