feature_index,ks_stat,p_value
Sad,0.3188888888888889,0.0
Guilty,0.16148148148148145,1.6076811323812283e-246
Happy,0.7801388888888889,0.0
Hopeless,0.12912037037037039,1.9290705725389763e-157
Anxious,0.3919907407407407,0.0
Stressed,0.3656944444444445,0.0
Overwhelmed,0.22810185185185183,0.0
Angry,0.1101388888888889,1.4743521456266625e-114
Calm,0.6775925925925926,0.0
Energetic,0.7363425925925926,0.0
Lonely,0.23111111111111116,0.0
In pain,0.08226851851851846,4.9274382712299775e-64
Dizzy,0.09189814814814812,8.009055169784411e-80
Nauseous,0.10370370370370374,1.3979601577827543e-101
Racing Heart,0.1611111111111111,2.1893927093300957e-245
Look forward completing tasks,0.7888888888888889,0.0
Satisfied with myself,0.7934259259259259,0.0
Satisfied with my physical appearance,0.6599074074074074,0.0
Enjoying moment,0.789537037037037,0.0
In control,0.7826388888888889,0.0
Concentrated,0.7246759259259259,0.0
Worried,0.5171759259259259,0.0
WrongDoing,0.8664814814814815,0.0
Impulsivity,0.21472222222222226,0.0
