{"_step":749,"_wandb":{"runtime":48},"train_loss":47639.3671875,"test_loss":46738.760850694445,"_timestamp":1.7272464359760275e+09,"_runtime":47.993154653}