{"train_loss": 0.825628692768857, "val_loss": 2.8693556734205714, "_timestamp": 1715679131.3014722, "_runtime": 566.9662551879883, "_step": 299, "_wandb": {"runtime": 566}, "supervisor_loss": 0.10145085415486448, "E_loss": 6.943145751953125, "G_loss": 158.71372985839844, "D_loss": 0.10552352666854858}