feature_index,ks_stat,p_value
Sad,0.14254629629629634,6.045550394718312e-192
Guilty,0.11768518518518523,8.8098238031043e-131
Happy,0.585925925925926,0.0
Hopeless,0.10708333333333331,2.683261260417194e-108
Anxious,0.12240740740740741,1.7347192312750475e-141
Stressed,0.21166666666666667,0.0
Overwhelmed,0.15819444444444442,1.5080842118077268e-236
Angry,0.07902777777777781,4.085307488660098e-59
Calm,0.6732870370370371,0.0
Energetic,0.5212037037037037,0.0
Lonely,0.09291666666666665,1.3513367774940878e-81
In pain,0.0861574074074074,3.371520383118959e-70
Dizzy,0.0766203703703704,1.3690335635301312e-55
Nauseous,0.07976851851851852,3.195176333241992e-60
Racing Heart,0.09546296296296297,4.0979663083847805e-86
Look forward completing tasks,0.5996759259259259,0.0
Satisfied with myself,0.6505092592592593,0.0
Satisfied with my physical appearance,0.5695370370370371,0.0
Enjoying moment,0.5994907407407407,0.0
In control,0.7277777777777779,0.0
Concentrated,0.5781018518518518,0.0
Worried,0.22930555555555554,0.0
WrongDoing,0.6031944444444444,0.0
Impulsivity,0.14490740740740737,2.262623009113571e-198
