{"train_loss": 55974.25347222222, "test_loss": 55329.07595486111, "_timestamp": 1716894362.426927, "_runtime": 35.54879713058472, "_step": 499, "_wandb": {"runtime": 35}}