euclidean_mean,euclidean_median,euclidean_std,frechet_mean,frechet_median,frechet_std
116.77262184339399,115.43763701535966,21.423878397654217,,,
,,,12.671387838092055,12.609457865325027,2.2341633360630477
