{"train_loss": 1.1395438308889614, "val_loss": 3.334797934797576, "_timestamp": 1716711342.929762, "_runtime": 639.9625787734985, "_step": 499, "_wandb": {"runtime": 639}, "supervisor_loss": 0.0009150670926219431, "E_loss": 12.573928833007812, "G_loss": 138.60275268554688, "D_loss": 1.9095425605773926}