feature_index,ks_stat,p_value
Sad,0.26097222222222216,0.0
Guilty,0.15856481481481477,1.162206479189636e-237
Happy,0.7156944444444444,0.0
Hopeless,0.09986111111111107,3.298627125160357e-94
Anxious,0.40374999999999994,0.0
Stressed,0.409212962962963,0.0
Overwhelmed,0.24541666666666662,0.0
Angry,0.08518518518518514,1.2470406592174563e-68
Calm,0.7575925925925926,0.0
Energetic,0.6125,0.0
Lonely,0.13694444444444442,3.976245593719846e-177
In pain,0.17074074074074075,9.669632788302478e-276
Dizzy,0.12578703703703709,2.0664689571501245e-149
Nauseous,0.13101851851851853,4.1450018934835383e-162
Racing Heart,0.10231481481481475,6.962959150692291e-99
Look forward completing tasks,0.7872685185185185,0.0
Satisfied with myself,0.8199537037037037,0.0
Satisfied with my physical appearance,0.7276851851851852,0.0
Enjoying moment,0.7148148148148148,0.0
In control,0.8370833333333334,0.0
Concentrated,0.7947685185185185,0.0
Worried,0.402037037037037,0.0
WrongDoing,0.782175925925926,0.0
Impulsivity,0.16726851851851843,1.3770007708226615e-264
