euclidean_mean,euclidean_median,euclidean_std,frechet_mean,frechet_median,frechet_std
95.7072315618043,93.26842842757443,16.55959755608855,,,
,,,11.023588159842324,10.816653826391969,2.18643638878064
