{"train_loss":172360.72222222222,"_wandb":{"runtime":47},"test_loss":172002.90625,"_timestamp":1.7272452897412198e+09,"_runtime":47.9217065,"_step":749}