{"train_loss": 102436.99479166667, "test_loss": 101082.34201388889, "_timestamp": 1720606060.1243956, "_runtime": 49.43481755256653, "_step": 749, "_wandb": {"runtime": 48}}