{"_timestamp":1.7272440688319683e+09,"_runtime":48.476724197,"_step":749,"_wandb":{"runtime":48},"train_loss":104024.66753472222,"test_loss":103145.93489583333}