{"test_loss":134757.07465277778,"_timestamp":1.7272454250248153e+09,"_runtime":48.005018038,"_step":749,"_wandb":{"runtime":48},"train_loss":135655.86631944444}