{"test_loss":30162.4140625,"_timestamp":1.7272452221900866e+09,"_runtime":48.182607255,"_step":749,"_wandb":{"runtime":48},"train_loss":30784.377604166668}