{"test_loss":45833.795572916664,"_timestamp":1.7272448840566988e+09,"_runtime":48.478508131,"_step":749,"_wandb":{"runtime":48},"train_loss":46238.46050347222}