{"_wandb":{"runtime":48},"_timestamp":1.7272453573765714e+09,"_runtime":48.197924752,"_step":749,"train_loss":150402.68229166666,"test_loss":149714.02256944444}