{"train_loss": 0.447495447274177, "val_loss": 2.100860251476554, "_timestamp": 1716717096.987324, "_runtime": 1495.274122953415, "_step": 499, "_wandb": {"runtime": 1494}, "supervisor_loss": 0.09049256982980283, "E_loss": 2.0083673000335693, "G_loss": 175.81289672851562, "D_loss": 0.10103878378868103}