{"_runtime":47.858188783,"_step":749,"_wandb":{"runtime":47},"train_loss":44645.3046875,"test_loss":43555.577256944445,"_timestamp":1.7272465032097871e+09}