{"_runtime":48.115033714,"_step":749,"_wandb":{"runtime":48},"train_loss":60398.891927083336,"test_loss":59619.983072916664,"_timestamp":1.7272462335763159e+09}