euclidean_mean,euclidean_median,euclidean_std,frechet_mean,frechet_median,frechet_std
105.85609593566664,103.61947724731777,19.926064949458898,,,
,,,11.534201895849254,11.224972160321824,2.1437163896189286
