feature_index,ks_stat,p_value
Sad,0.15995370370370365,7.366825883221865e-242
Guilty,0.13435185185185194,1.790314935616419e-170
Happy,0.7166203703703704,0.0
Hopeless,0.11824074074074076,5.1003981024164506e-132
Anxious,0.25722222222222224,0.0
Stressed,0.29620370370370364,0.0
Overwhelmed,0.24736111111111114,0.0
Angry,0.07657407407407413,1.5963642954883333e-55
Calm,0.6460648148148148,0.0
Energetic,0.5823611111111111,0.0
Lonely,0.1506481481481481,1.9034492012814556e-214
In pain,0.10115740740740742,1.1547967616247167e-96
Dizzy,0.08518518518518525,1.247040659216945e-68
Nauseous,0.07694444444444437,4.658583583395203e-56
Racing Heart,0.0904166666666667,2.799548081995211e-77
Look forward completing tasks,0.6641203703703703,0.0
Satisfied with myself,0.7022685185185185,0.0
Satisfied with my physical appearance,0.6711574074074074,0.0
Enjoying moment,0.654074074074074,0.0
In control,0.7493055555555556,0.0
Concentrated,0.6923611111111111,0.0
Worried,0.33879629629629626,0.0
WrongDoing,0.7314351851851852,0.0
Impulsivity,0.14611111111111108,1.088396772146223e-201
