euclidean_mean,euclidean_median,euclidean_std,frechet_mean,frechet_median,frechet_std
114.38570167710148,115.70591453875117,21.138961570559477,,,
,,,12.507866162943683,12.24744871391589,2.215590125777785
