euclidean_mean,euclidean_median,euclidean_std,frechet_mean,frechet_median,frechet_std
92.05290200781486,90.13046061546811,17.37293261067898,,,
,,,10.71158962269768,10.271290453473298,2.1821658403786284
