{"train_loss": 45502.733506944445, "test_loss": 45261.268663194445, "_timestamp": 1720614801.8140733, "_runtime": 48.63183927536011, "_step": 749, "_wandb": {"runtime": 48}}