euclidean_mean,euclidean_median,euclidean_std,frechet_mean,frechet_median,frechet_std
99.97651890607032,97.88511914146414,15.816169668403179,,,
,,,11.153635431318891,10.839717158796091,1.8534577292500507
