feature_index,ks_stat,p_value
Sad,0.19319444444444445,0.0
Guilty,0.10013888888888889,9.88040073334692e-95
Happy,0.6535185185185186,0.0
Hopeless,0.07421296296296298,3.56461821592611e-52
Anxious,0.1533796296296297,2.5536038517040462e-222
Stressed,0.21245370370370364,0.0
Overwhelmed,0.21560185185185188,0.0
Angry,0.07694444444444448,4.658583583393479e-56
Calm,0.5708333333333333,0.0
Energetic,0.6517592592592593,0.0
Lonely,0.11342592592592593,1.7198969571766141e-121
In pain,0.07708333333333328,2.930932640974008e-56
Dizzy,0.08606481481481487,4.763607177006006e-70
Nauseous,0.08111111111111113,2.9653984522356857e-62
Racing Heart,0.10004629629629636,1.477260671618132e-94
Look forward completing tasks,0.7093981481481482,0.0
Satisfied with myself,0.6939814814814814,0.0
Satisfied with my physical appearance,0.5103703703703704,0.0
Enjoying moment,0.6059722222222222,0.0
In control,0.6839351851851851,0.0
Concentrated,0.6604629629629629,0.0
Worried,0.24810185185185185,0.0
WrongDoing,0.7174537037037036,0.0
Impulsivity,0.11430555555555555,2.2140815103533255e-123
