{"train_loss":92184.84635416667,"test_loss":91489.78993055556,"_timestamp":1.7272457621915567e+09,"_runtime":47.702487887,"_step":749,"_wandb":{"runtime":47}}