euclidean_mean,euclidean_median,euclidean_std,frechet_mean,frechet_median,frechet_std
102.48199370950566,99.69202194293294,18.90669689678941,,,
,,,11.492426065405933,11.202656023910386,2.057973333716792
