euclidean_mean,euclidean_median,euclidean_std,frechet_mean,frechet_median,frechet_std
115.24207300687405,114.21682088443524,22.72145701926517,,,
,,,12.504502735373157,12.409608237420857,2.264133439074231
