{"test_loss":50680.848524305555,"_timestamp":1.727244816987864e+09,"_runtime":47.97202623,"_step":749,"train_loss":51716.953993055555,"_wandb":{"runtime":48}}