euclidean_mean,euclidean_median,euclidean_std,frechet_mean,frechet_median,frechet_std
99.98824141115716,96.94586032291458,14.851166117841062,,,
,,,11.674194993937363,11.247199914953235,2.047180749544508
