{"acc": 0.8988949086316902, "loss": 0.0533859397151516, "_timestamp": 1713350529.4927793, "_runtime": 17.10825824737549, "_step": 7, "_wandb": {"runtime": 16}}