feature_index,ks_stat,p_value
Sad,0.19648148148148153,0.0
Guilty,0.2977777777777778,0.0
Happy,0.335787037037037,0.0
Hopeless,0.2677777777777778,0.0
Anxious,0.1851388888888889,0.0
Stressed,0.06509259259259259,3.153245714005594e-40
Overwhelmed,0.08374999999999999,2.3872729155996484e-66
Angry,0.3181018518518518,0.0
Calm,0.22782407407407412,0.0
Energetic,0.32453703703703707,0.0
Lonely,0.2749537037037037,0.0
In pain,0.19287037037037036,0.0
Dizzy,0.21810185185185182,0.0
Nauseous,0.3031018518518518,0.0
Racing Heart,0.44324074074074077,0.0
Look forward completing tasks,0.3355092592592593,0.0
Satisfied with myself,0.3167129629629629,0.0
Satisfied with my physical appearance,0.23884259259259266,0.0
Enjoying moment,0.1999537037037037,0.0
In control,0.22657407407407404,0.0
Concentrated,0.2406018518518519,0.0
Worried,0.04564814814814816,5.3945278845786114e-20
WrongDoing,0.30486111111111114,0.0
Impulsivity,0.2593055555555555,0.0
