{"test_loss":60681.479600694445,"_timestamp":1.7272461665714338e+09,"_wandb":{"runtime":47},"_runtime":47.742697666,"_step":749,"train_loss":61254.62109375}