feature_index,ks_stat,p_value
Sad,0.16587962962962965,3.4240087280788046e-260
Guilty,0.10611111111111116,2.4165147738541515e-106
Happy,0.7334722222222223,0.0
Hopeless,0.12064814814814817,1.8945242365081933e-137
Anxious,0.21351851851851855,0.0
Stressed,0.31101851851851847,0.0
Overwhelmed,0.18759259259259264,0.0
Angry,0.07870370370370372,1.2363879653551651e-58
Calm,0.7489814814814815,0.0
Energetic,0.6475462962962962,0.0
Lonely,0.1366666666666666,2.0822254920164058e-176
In pain,0.0970833333333333,4.712439549672058e-89
Dizzy,0.08652777777777776,8.428700112150357e-71
Nauseous,0.07671296296296293,1.0065994479696737e-55
Racing Heart,0.09134259259259259,7.282421639741521e-79
Look forward completing tasks,0.6523148148148148,0.0
Satisfied with myself,0.7508796296296296,0.0
Satisfied with my physical appearance,0.6904166666666667,0.0
Enjoying moment,0.6380555555555555,0.0
In control,0.7481018518518519,0.0
Concentrated,0.6394444444444445,0.0
Worried,0.3075,0.0
WrongDoing,0.702361111111111,0.0
Impulsivity,0.1075462962962963,3.101749907054726e-109
