feature_index,ks_stat,p_value
Sad,0.10291666666666666,4.769483838216148e-100
Guilty,0.08365740740740746,3.3403318321403984e-66
Happy,0.5045833333333334,0.0
Hopeless,0.11078703703703707,6.573944171274682e-116
Anxious,0.1631018518518519,1.6332526203312039e-251
Stressed,0.07250000000000001,8.234581229586968e-50
Overwhelmed,0.08231481481481484,4.177488358527355e-64
Angry,0.07685185185185184,6.341859299899188e-56
Calm,0.41921296296296295,0.0
Energetic,0.5423611111111111,0.0
Lonely,0.15268518518518515,2.6442411437253842e-220
In pain,0.06064814814814823,5.644279717765774e-35
Dizzy,0.10217592592592595,1.2897479993846627e-98
Nauseous,0.04861111111111105,1.2841996785255424e-22
Racing Heart,0.18453703703703705,0.0
Look forward completing tasks,0.5372685185185184,0.0
Satisfied with myself,0.5576851851851852,0.0
Satisfied with my physical appearance,0.4614814814814815,0.0
Enjoying moment,0.5197685185185186,0.0
In control,0.602638888888889,0.0
Concentrated,0.5834722222222223,0.0
Worried,0.2697685185185185,0.0
WrongDoing,0.30486111111111114,0.0
Impulsivity,0.10749999999999993,3.8503142277421517e-109
