euclidean_mean,euclidean_median,euclidean_std,frechet_mean,frechet_median,frechet_std
108.52638017865947,107.16336311490709,20.149643635816542,,,
,,,11.964657496023948,11.74734012447073,2.207883325861168
