{"train_loss": 102783.1640625, "test_loss": 102225.015625, "_timestamp": 1720606346.4217334, "_runtime": 50.32023549079895, "_step": 749, "_wandb": {"runtime": 49}}