feature_index,ks_stat,p_value
Sad,0.10379629629629628,9.21233070518947e-102
Guilty,0.10291666666666666,4.769483838216148e-100
Happy,0.44782407407407404,0.0
Hopeless,0.1551851851851852,1.330604331853096e-227
Anxious,0.11606481481481479,3.313221540074354e-127
Stressed,0.11972222222222217,2.3939735502495154e-135
Overwhelmed,0.16625,2.3229992800480265e-261
Angry,0.15055555555555555,3.498416479705271e-214
Calm,0.5266666666666666,0.0
Energetic,0.3889814814814815,0.0
Lonely,0.1868981481481481,0.0
In pain,0.09069444444444441,9.404852080571213e-78
Dizzy,0.07185185185185183,6.244958160776228e-49
Nauseous,0.08324074074074073,1.5075591768869268e-65
Racing Heart,0.12796296296296295,1.2521317036893834e-154
Look forward completing tasks,0.4921759259259259,0.0
Satisfied with myself,0.5453703703703704,0.0
Satisfied with my physical appearance,0.4712037037037037,0.0
Enjoying moment,0.35597222222222225,0.0
In control,0.5990277777777778,0.0
Concentrated,0.4716666666666667,0.0
Worried,0.13564814814814818,8.75710947976717e-174
WrongDoing,0.5711574074074075,0.0
Impulsivity,0.10893518518518519,4.528257103300347e-112
