euclidean_mean,euclidean_median,euclidean_std,frechet_mean,frechet_median,frechet_std
102.79552026181817,99.56126488892446,20.222180141065067,,,
,,,11.500609069021483,11.291568084284702,2.2930794281409113
