{"_timestamp":1.7272444103958817e+09,"_runtime":48.511918194,"_step":749,"train_loss":74805.79427083333,"test_loss":74262.09375,"_wandb":{"runtime":48}}