euclidean_mean,euclidean_median,euclidean_std,frechet_mean,frechet_median,frechet_std
116.04394560805898,115.03035183478251,22.094177688111706,,,
,,,12.530778418838363,12.509980041469232,2.2648603087110475
