feature_index,ks_stat,p_value
Sad,0.1932407407407407,0.0
Guilty,0.14962962962962967,1.506789094007506e-211
Happy,0.6305555555555555,0.0
Hopeless,0.13055555555555554,5.7862243624975625e-161
Anxious,0.24615740740740744,0.0
Stressed,0.2995833333333333,0.0
Overwhelmed,0.2270833333333333,0.0
Angry,0.08694444444444449,1.7592600497031593e-71
Calm,0.6655092592592593,0.0
Energetic,0.6101388888888889,0.0
Lonely,0.13143518518518515,3.8337397928505145e-163
In pain,0.09699074074074077,6.959062835379656e-89
Dizzy,0.11527777777777781,1.7326720631028564e-125
Nauseous,0.14203703703703707,1.4240198172416897e-190
Racing Heart,0.09888888888888892,2.183914517863385e-92
Look forward completing tasks,0.6491666666666667,0.0
Satisfied with myself,0.7572222222222222,0.0
Satisfied with my physical appearance,0.6911111111111111,0.0
Enjoying moment,0.6382407407407408,0.0
In control,0.7780092592592592,0.0
Concentrated,0.7218981481481481,0.0
Worried,0.3189814814814814,0.0
WrongDoing,0.7718055555555556,0.0
Impulsivity,0.14055555555555554,1.307962137938138e-186
