euclidean_mean,euclidean_median,euclidean_std,frechet_mean,frechet_median,frechet_std
101.35163992777488,98.20892711170899,20.055217541012528,,,
,,,11.42954713511601,11.135528725660043,2.1727880342354915
