euclidean_mean,euclidean_median,euclidean_std,frechet_mean,frechet_median,frechet_std
121.47007821510464,122.2599613775742,23.40033448418878,,,
,,,13.834188327699064,13.820274961085254,2.343717365966462
