euclidean_mean,euclidean_median,euclidean_std,frechet_mean,frechet_median,frechet_std
106.51146022372114,107.43369887255861,22.392284308802143,,,
,,,11.797468876280805,11.575756316646522,2.3950771970549103
