euclidean_mean,euclidean_median,euclidean_std,frechet_mean,frechet_median,frechet_std
96.3485134407328,93.09672002210297,16.77937099817101,,,
,,,11.09330380305863,10.535653752852738,2.1330076990381586
