euclidean_mean,euclidean_median,euclidean_std,frechet_mean,frechet_median,frechet_std
120.78737200533227,120.68552125038244,22.93734673314648,,,
,,,13.748080113371962,13.54620461235961,2.322896629611799
