feature_index,ks_stat,p_value
Sad,0.13509259259259265,2.3181014123330074e-172
Guilty,0.13888888888888895,3.345874482295414e-182
Happy,0.5018981481481481,0.0
Hopeless,0.13583333333333336,2.9294391608166685e-174
Anxious,0.1162037037037037,1.6434763391698945e-127
Stressed,0.13856481481481475,2.3735120157836348e-181
Overwhelmed,0.10162037037037042,1.5054936316496805e-97
Angry,0.29879629629629634,0.0
Calm,0.5616666666666666,0.0
Energetic,0.4825462962962963,0.0
Lonely,0.08018518518518514,7.540442470353487e-61
In pain,0.1703703703703704,1.5357659668736425e-274
Dizzy,0.1725,1.755856588840354e-281
Nauseous,0.18754629629629627,0.0
Racing Heart,0.16333333333333333,3.130246466875596e-252
Look forward completing tasks,0.5034722222222223,0.0
Satisfied with myself,0.5830092592592593,0.0
Satisfied with my physical appearance,0.5205555555555555,0.0
Enjoying moment,0.4887962962962963,0.0
In control,0.6053240740740741,0.0
Concentrated,0.44851851851851854,0.0
Worried,0.11023148148148154,9.465070393852885e-115
WrongDoing,0.5245833333333334,0.0
Impulsivity,0.09027777777777779,4.8239973969396064e-77
