feature_index,ks_stat,p_value
Sad,0.20879629629629626,0.0
Guilty,0.13282407407407415,1.2977797988468234e-166
Happy,0.6587962962962963,0.0
Hopeless,0.1303240740740741,2.1542072750940417e-160
Anxious,0.2621296296296297,0.0
Stressed,0.32134259259259257,0.0
Overwhelmed,0.21217592592592593,0.0
Angry,0.08027777777777778,5.465068081365783e-61
Calm,0.7279166666666667,0.0
Energetic,0.6285648148148149,0.0
Lonely,0.18662037037037038,0.0
In pain,0.11189814814814814,3.0448708154517473e-118
Dizzy,0.08120370370370378,2.14120991920442e-62
Nauseous,0.0712962962962963,3.4946421989985907e-48
Racing Heart,0.09810185185185194,6.311597517751444e-91
Look forward completing tasks,0.670324074074074,0.0
Satisfied with myself,0.759074074074074,0.0
Satisfied with my physical appearance,0.635,0.0
Enjoying moment,0.648287037037037,0.0
In control,0.7780555555555556,0.0
Concentrated,0.6518055555555555,0.0
Worried,0.3032407407407407,0.0
WrongDoing,0.7812037037037036,0.0
Impulsivity,0.10907407407407399,2.3460716618668373e-112
