feature_index,ks_stat,p_value
Sad,0.16162037037037036,6.028595406842524e-247
Guilty,0.13814814814814824,2.9269212028260987e-180
Happy,0.7270833333333333,0.0
Hopeless,0.1253240740740741,2.5920443047874738e-148
Anxious,0.22731481481481486,0.0
Stressed,0.2716666666666666,0.0
Overwhelmed,0.17009259259259257,1.2168986813158127e-273
Angry,0.07305555555555554,1.4293366484709355e-50
Calm,0.6900925925925926,0.0
Energetic,0.6393518518518518,0.0
Lonely,0.20060185185185186,0.0
In pain,0.11231481481481476,4.000829486429811e-119
Dizzy,0.08486111111111116,4.117049692231074e-68
Nauseous,0.0790277777777777,4.085307488661652e-59
Racing Heart,0.09620370370370379,1.8839383229117507e-87
Look forward completing tasks,0.6605555555555556,0.0
Satisfied with myself,0.7525925925925926,0.0
Satisfied with my physical appearance,0.6777777777777778,0.0
Enjoying moment,0.640462962962963,0.0
In control,0.7577777777777778,0.0
Concentrated,0.6622222222222223,0.0
Worried,0.28736111111111107,0.0
WrongDoing,0.7733796296296296,0.0
Impulsivity,0.14268518518518514,2.548967148718688e-192
