euclidean_mean,euclidean_median,euclidean_std,frechet_mean,frechet_median,frechet_std
118.28176059068093,118.16282203395944,22.377012024048188,,,
,,,13.162190290736163,13.05755082051366,2.2745138858924143
