euclidean_mean,euclidean_median,euclidean_std,frechet_mean,frechet_median,frechet_std
110.32317683668168,109.73148583083413,19.920870892275378,,,
,,,12.027066912005713,11.704699910719626,2.213517900116775
