{"test_loss":55947.332899305555,"_timestamp":1.7272446820637207e+09,"_runtime":48.382015709,"_step":749,"train_loss":57102.274305555555,"_wandb":{"runtime":48}}