euclidean_mean,euclidean_median,euclidean_std,frechet_mean,frechet_median,frechet_std
109.16603947628018,108.16652631257668,20.212571515902162,,,
,,,11.932358067962726,11.704699910719626,2.0335922906500947
