feature_index,ks_stat,p_value
Sad,0.21004629629629623,0.0
Guilty,0.1438425925925927,1.846285118275085e-195
Happy,0.7777314814814815,0.0
Hopeless,0.12138888888888888,3.840562758913573e-139
Anxious,0.34745370370370365,0.0
Stressed,0.32092592592592595,0.0
Overwhelmed,0.269537037037037,0.0
Angry,0.12023148148148144,1.6798030934297417e-136
Calm,0.7681944444444444,0.0
Energetic,0.7077314814814815,0.0
Lonely,0.13828703703703704,1.2679706862983387e-180
In pain,0.11337962962962955,2.1606438986876205e-121
Dizzy,0.0888888888888889,1.0628621975584923e-74
Nauseous,0.1183333333333334,3.1681319029675037e-132
Racing Heart,0.0914814814814815,4.199051324819835e-79
Look forward completing tasks,0.7527777777777778,0.0
Satisfied with myself,0.7653703703703704,0.0
Satisfied with my physical appearance,0.7086111111111111,0.0
Enjoying moment,0.7294907407407407,0.0
In control,0.7437962962962963,0.0
Concentrated,0.6098148148148148,0.0
Worried,0.41532407407407407,0.0
WrongDoing,0.8097685185185186,0.0
Impulsivity,0.13703703703703696,2.2880125989670952e-177
