{"train_loss": 90169.04253472222, "test_loss": 89345.68055555556, "_timestamp": 1720605989.0999088, "_runtime": 48.64901685714722, "_step": 749, "_wandb": {"runtime": 48}}