{"_step":749,"_wandb":{"runtime":47},"train_loss":122162.25086805556,"test_loss":121470.12673611111,"_timestamp":1.7272454923825111e+09,"_runtime":47.958070923}