feature_index,ks_stat,p_value
Sad,0.11722222222222223,9.366915973109307e-130
Guilty,0.18305555555555564,3.3681295e-317
Happy,0.25199074074074074,0.0
Hopeless,0.19731481481481483,0.0
Anxious,0.07407407407407407,5.568321356062079e-52
Stressed,0.05138888888888882,3.1565299304915766e-25
Overwhelmed,0.07847222222222228,2.7193168005483192e-58
Angry,0.1398611111111111,9.114417714659073e-185
Calm,0.2596759259259259,0.0
Energetic,0.24569444444444444,0.0
Lonely,0.2432407407407407,0.0
In pain,0.29111111111111115,0.0
Dizzy,0.05805555555555564,4.403207938436107e-32
Nauseous,0.1207407407407407,1.1652957487014327e-137
Racing Heart,0.19004629629629632,0.0
Look forward completing tasks,0.3153240740740741,0.0
Satisfied with myself,0.37282407407407403,0.0
Satisfied with my physical appearance,0.28375000000000006,0.0
Enjoying moment,0.2794444444444445,0.0
In control,0.2718055555555555,0.0
Concentrated,0.18333333333333335,3.613784e-318
Worried,0.08180555555555558,2.555341317898156e-63
WrongDoing,0.30486111111111114,0.0
Impulsivity,0.38416666666666666,0.0
