{"train_loss": 0.8138746590359477, "val_loss": 2.8448889830370647, "_timestamp": 1716500521.6318612, "_runtime": 576.7236621379852, "_step": 299, "_wandb": {"runtime": 576}, "supervisor_loss": 0.1047310416570295, "E_loss": 8.121898651123047, "G_loss": 222.21792602539062, "D_loss": 0.10377904772758484}