{"_step":749,"_wandb":{"runtime":48},"train_loss":106461.28819444444,"test_loss":105541.80642361111,"_timestamp":1.727245627575639e+09,"_runtime":48.524590396}