feature_index,ks_stat,p_value
Sad,0.1107407407407407,8.214396497634734e-116
Guilty,0.13328703703703704,8.874801267975327e-168
Happy,0.5503703703703704,0.0
Hopeless,0.13824074074074078,1.6759115038434214e-180
Anxious,0.18231481481481482,1.2738144106e-314
Stressed,0.15467592592592594,4.173989002945329e-226
Overwhelmed,0.10532407407407413,8.958568133830312e-105
Angry,0.10750000000000004,3.8503142277401563e-109
Calm,0.47657407407407404,0.0
Energetic,0.43759259259259264,0.0
Lonely,0.12962962962962965,1.0959556076733193e-158
In pain,0.19064814814814823,0.0
Dizzy,0.12870370370370365,1.9986526355723586e-156
Nauseous,0.10111111111111104,1.415024594979525e-96
Racing Heart,0.21523148148148152,0.0
Look forward completing tasks,0.5443518518518518,0.0
Satisfied with myself,0.5770833333333333,0.0
Satisfied with my physical appearance,0.3938425925925926,0.0
Enjoying moment,0.49930555555555556,0.0
In control,0.5464814814814815,0.0
Concentrated,0.46972222222222226,0.0
Worried,0.24763888888888885,0.0
WrongDoing,0.5340277777777778,0.0
Impulsivity,0.10726851851851849,1.1332625862240142e-108
