feature_index,ks_stat,p_value
Sad,0.09263888888888883,4.1324895005755364e-81
Guilty,0.161712962962963,3.133420219290341e-247
Happy,0.404212962962963,0.0
Hopeless,0.1327314814814815,2.216742751557022e-166
Anxious,0.11967592592592591,3.046279978821764e-135
Stressed,0.09592592592592586,5.99585519714172e-87
Overwhelmed,0.17935185185185187,2.03375131051121e-304
Angry,0.1727777777777778,2.150314106817488e-282
Calm,0.5150925925925925,0.0
Energetic,0.38810185185185186,0.0
Lonely,0.12495370370370373,1.9472245872393998e-147
In pain,0.17944444444444452,9.818706626616028e-305
Dizzy,0.10518518518518516,1.6900715407608366e-104
Nauseous,0.09023148148148141,5.782275790123117e-77
Racing Heart,0.0838888888888889,1.4413396133253743e-66
Look forward completing tasks,0.4573148148148148,0.0
Satisfied with myself,0.5236574074074074,0.0
Satisfied with my physical appearance,0.5169907407407408,0.0
Enjoying moment,0.530787037037037,0.0
In control,0.5675,0.0
Concentrated,0.5474537037037037,0.0
Worried,0.16500000000000004,1.99059225911517e-257
WrongDoing,0.5277314814814815,0.0
Impulsivity,0.23032407407407407,0.0
