euclidean_mean,euclidean_median,euclidean_std,frechet_mean,frechet_median,frechet_std
114.34217300568339,113.50990374793152,21.588467217077255,,,
,,,12.482723760571146,12.206555615733702,2.2542421159388533
