{"train_loss": 78720.03819444444, "test_loss": 77524.30381944444, "_timestamp": 1720605920.9361916, "_runtime": 48.454487562179565, "_step": 749, "_wandb": {"runtime": 47}}