feature_index,ks_stat,p_value
Sad,0.20847222222222217,0.0
Guilty,0.1392592592592593,3.5448421522318017e-183
Happy,0.7197685185185185,0.0
Hopeless,0.12768518518518512,5.871903553833385e-154
Anxious,0.2949074074074074,0.0
Stressed,0.2713425925925925,0.0
Overwhelmed,0.25157407407407406,0.0
Angry,0.08129629629629631,1.545514781606144e-62
Calm,0.66875,0.0
Energetic,0.6769444444444445,0.0
Lonely,0.15824074074074068,1.095036042159111e-236
In pain,0.10305555555555557,2.5633193607645166e-100
Dizzy,0.11773148148148149,6.951507040264111e-131
Nauseous,0.08180555555555558,2.555341317898156e-63
Racing Heart,0.09388888888888891,2.6312467571555108e-83
Look forward completing tasks,0.6687962962962962,0.0
Satisfied with myself,0.7173611111111111,0.0
Satisfied with my physical appearance,0.5996296296296296,0.0
Enjoying moment,0.7495833333333333,0.0
In control,0.7665277777777778,0.0
Concentrated,0.6352314814814815,0.0
Worried,0.34550925925925924,0.0
WrongDoing,0.7814814814814814,0.0
Impulsivity,0.1721759259259259,2.0256706081658422e-280
