feature_index,ks_stat,p_value
Sad,0.14384259259259258,1.846285118276371e-195
Guilty,0.14013888888888892,1.673363751182504e-185
Happy,0.3887037037037037,0.0
Hopeless,0.1113425925925926,4.5044456135348165e-117
Anxious,0.10657407407407404,2.849103432602188e-107
Stressed,0.11111111111111105,1.3785856928528333e-116
Overwhelmed,0.11328703703703702,3.4089606811655854e-121
Angry,0.07907407407407407,3.4862479139978446e-59
Calm,0.534537037037037,0.0
Energetic,0.31486111111111115,0.0
Lonely,0.08879629629629626,1.5183818724708709e-74
In pain,0.07347222222222216,3.810018472638494e-51
Dizzy,0.13504629629629628,3.04388909020319e-172
Nauseous,0.10546296296296287,4.74465648268431e-105
Racing Heart,0.08393518518518517,1.2179792480313332e-66
Look forward completing tasks,0.4748611111111111,0.0
Satisfied with myself,0.5004166666666666,0.0
Satisfied with my physical appearance,0.3458333333333333,0.0
Enjoying moment,0.4962037037037037,0.0
In control,0.5265277777777778,0.0
Concentrated,0.4055092592592593,0.0
Worried,0.1875,0.0
WrongDoing,0.46282407407407405,0.0
Impulsivity,0.20532407407407405,0.0
