feature_index,ks_stat,p_value
Sad,0.19560185185185186,0.0
Guilty,0.1461111111111112,1.0883967721454528e-201
Happy,0.7052777777777779,0.0
Hopeless,0.17041666666666666,1.0873192423880283e-274
Anxious,0.32060185185185186,0.0
Stressed,0.3577314814814815,0.0
Overwhelmed,0.26907407407407413,0.0
Angry,0.08398148148148143,1.0291362166125102e-66
Calm,0.8302777777777778,0.0
Energetic,0.7067592592592592,0.0
Lonely,0.11254629629629631,1.2913425295926664e-119
In pain,0.11865740740740738,5.966361750868385e-133
Dizzy,0.11976851851851855,1.8811693071446293e-135
Nauseous,0.13240740740740742,1.4395216449902117e-165
Racing Heart,0.10037037037037044,3.608733963889667e-95
Look forward completing tasks,0.7379166666666667,0.0
Satisfied with myself,0.7838425925925926,0.0
Satisfied with my physical appearance,0.7068518518518518,0.0
Enjoying moment,0.6706944444444445,0.0
In control,0.8511111111111112,0.0
Concentrated,0.7038888888888889,0.0
Worried,0.37888888888888883,0.0
WrongDoing,0.8301851851851852,0.0
Impulsivity,0.17199074074074072,8.176180617537252e-280
