feature_index,ks_stat,p_value
Sad,0.13375000000000004,6.011703164539572e-169
Guilty,0.15134259259259264,1.957840139828978e-216
Happy,0.5083333333333333,0.0
Hopeless,0.09583333333333333,8.812928759298286e-87
Anxious,0.1313888888888889,4.9964928922768336e-163
Stressed,0.1701851851851851,6.106306559217559e-274
Overwhelmed,0.12111111111111117,1.6616507350553492e-138
Angry,0.1821759259259259,3.8657053635e-314
Calm,0.5094444444444445,0.0
Energetic,0.4006018518518518,0.0
Lonely,0.08231481481481484,4.177488358527355e-64
In pain,0.21287037037037038,0.0
Dizzy,0.10615740740740742,1.9522033356526692e-106
Nauseous,0.10611111111111104,2.416514773855388e-106
Racing Heart,0.18152777777777784,6.79403627348e-312
Look forward completing tasks,0.5268055555555555,0.0
Satisfied with myself,0.5513425925925926,0.0
Satisfied with my physical appearance,0.47875,0.0
Enjoying moment,0.49004629629629626,0.0
In control,0.5768981481481481,0.0
Concentrated,0.4228240740740741,0.0
Worried,0.20550925925925922,0.0
WrongDoing,0.5756944444444445,0.0
Impulsivity,0.10666666666666658,1.8557609208284947e-107
