{"train_loss":143880.06684027778,"test_loss":143394.35850694444,"_timestamp":1.7272437983153656e+09,"_runtime":47.590083751,"_wandb":{"runtime":47},"_step":749}