feature_index,ks_stat,p_value
Sad,0.12870370370370376,1.9986526355711158e-156
Guilty,0.09763888888888894,4.508116042145904e-90
Happy,0.5482407407407408,0.0
Hopeless,0.08374999999999999,2.3872729155996484e-66
Anxious,0.13620370370370372,3.263269938491364e-175
Stressed,0.16162037037037036,6.028595406842524e-247
Overwhelmed,0.120462962962963,5.001912454494732e-137
Angry,0.16226851851851853,6.128209474199899e-249
Calm,0.5040277777777777,0.0
Energetic,0.5357407407407407,0.0
Lonely,0.17935185185185187,2.03375131051121e-304
In pain,0.21166666666666667,0.0
Dizzy,0.08624999999999994,2.3853558877192386e-70
Nauseous,0.18361111111111106,3.8636e-319
Racing Heart,0.15273148148148152,1.9419964516761004e-220
Look forward completing tasks,0.6350462962962963,0.0
Satisfied with myself,0.5636111111111111,0.0
Satisfied with my physical appearance,0.5127314814814815,0.0
Enjoying moment,0.5552314814814815,0.0
In control,0.5887037037037037,0.0
Concentrated,0.5042129629629629,0.0
Worried,0.2067592592592592,0.0
WrongDoing,0.5081481481481482,0.0
Impulsivity,0.10013888888888889,9.88040073334692e-95
