euclidean_mean,euclidean_median,euclidean_std,frechet_mean,frechet_median,frechet_std
120.00246462298176,120.61681888104673,23.511288918990168,,,
,,,13.527156485251634,13.509243410850363,2.389661454674928
