euclidean_mean,euclidean_median,euclidean_std,frechet_mean,frechet_median,frechet_std
114.58861129844149,115.04987370643491,21.134756645688153,,,
,,,12.541600758799472,12.389495261421919,2.3386666111251566
