{"train_loss": 76219.93402777778, "test_loss": 74360.28298611111, "_timestamp": 1720605849.724632, "_runtime": 50.56428599357605, "_step": 749, "_wandb": {"runtime": 49}}