feature_index,ks_stat,p_value
Sad,0.1183333333333334,3.1681319029675037e-132
Guilty,0.19013888888888897,0.0
Happy,0.1599074074074074,1.0181631409270852e-241
Hopeless,0.18888888888888888,0.0
Anxious,0.1791666666666667,8.715269345361506e-304
Stressed,0.11541666666666667,8.636095718470927e-126
Overwhelmed,0.17962962962962964,2.285930200195766e-305
Angry,0.25675925925925924,0.0
Calm,0.18574074074074076,0.0
Energetic,0.17314814814814816,1.3006900477175213e-283
Lonely,0.20134259259259257,0.0
In pain,0.267175925925926,0.0
Dizzy,0.2738425925925926,0.0
Nauseous,0.17958333333333332,3.291348138684211e-305
Racing Heart,0.30314814814814817,0.0
Look forward completing tasks,0.22754629629629625,0.0
Satisfied with myself,0.26111111111111107,0.0
Satisfied with my physical appearance,0.21398148148148155,0.0
Enjoying moment,0.1999537037037037,0.0
In control,0.2406018518518519,0.0
Concentrated,0.21064814814814814,0.0
Worried,0.08361111111111119,3.950685850920322e-66
WrongDoing,0.30486111111111114,0.0
Impulsivity,0.1911574074074074,0.0
