feature_index,ks_stat,p_value
Sad,0.14675925925925926,1.732518204063887e-203
Guilty,0.11458333333333337,5.561408759572351e-124
Happy,0.657175925925926,0.0
Hopeless,0.12601851851851853,5.814089608990254e-150
Anxious,0.26388888888888884,0.0
Stressed,0.3174537037037036,0.0
Overwhelmed,0.19245370370370374,0.0
Angry,0.08106481481481487,3.489266251798252e-62
Calm,0.7352314814814814,0.0
Energetic,0.6275925925925926,0.0
Lonely,0.12486111111111109,3.220688860873014e-147
In pain,0.09416666666666662,8.474663239613838e-84
Dizzy,0.07874999999999999,1.0557768223067305e-58
Nauseous,0.07916666666666661,2.5380703303404715e-59
Racing Heart,0.0914814814814815,4.199051324819835e-79
Look forward completing tasks,0.6863888888888888,0.0
Satisfied with myself,0.7027777777777777,0.0
Satisfied with my physical appearance,0.6051851851851852,0.0
Enjoying moment,0.6358796296296296,0.0
In control,0.6846296296296296,0.0
Concentrated,0.6465277777777778,0.0
Worried,0.30652777777777773,0.0
WrongDoing,0.78,0.0
Impulsivity,0.12717592592592586,9.89324261341129e-153
