{"_wandb":{"runtime":48},"_timestamp":1.727244547044962e+09,"_runtime":48.430013018,"_step":749,"train_loss":68641.27387152778,"test_loss":66776.47743055556}