feature_index,ks_stat,p_value
Sad,0.2500462962962963,0.0
Guilty,0.2702314814814815,0.0
Happy,0.24541666666666667,0.0
Hopeless,0.21851851851851856,0.0
Anxious,0.1325,8.43879417474503e-166
Stressed,0.0986111111111111,7.181134856950557e-92
Overwhelmed,0.20375000000000004,0.0
Angry,0.2971759259259259,0.0
Calm,0.2813888888888889,0.0
Energetic,0.19685185185185183,0.0
Lonely,0.3088888888888889,0.0
In pain,0.2814814814814815,0.0
Dizzy,0.30180555555555555,0.0
Nauseous,0.3657407407407407,0.0
Racing Heart,0.3189814814814815,0.0
Look forward completing tasks,0.24374999999999997,0.0
Satisfied with myself,0.3720833333333333,0.0
Satisfied with my physical appearance,0.2826388888888889,0.0
Enjoying moment,0.22009259259259262,0.0
In control,0.3231018518518518,0.0
Concentrated,0.302037037037037,0.0
Worried,0.08092592592592596,5.681249586145055e-62
WrongDoing,0.30486111111111114,0.0
Impulsivity,0.30157407407407405,0.0
