{"train_loss": 0.423857815313428, "val_loss": 2.0339762072676653, "_timestamp": 1716708692.734526, "_runtime": 554.3438248634338, "_step": 299, "_wandb": {"runtime": 553}, "supervisor_loss": 0.09931580441122834, "E_loss": 2.758024215698242, "G_loss": 154.86036682128906, "D_loss": 0.11541304737329483}