euclidean_mean,euclidean_median,euclidean_std,frechet_mean,frechet_median,frechet_std
108.34312586963873,106.20731057297499,20.08192579067767,,,
,,,11.849234575697881,11.575756316646522,2.1307473840252
