{"_step":749,"train_loss":38240.15060763889,"test_loss":37380.069661458336,"_wandb":{"runtime":47},"_timestamp":1.7272450870899358e+09,"_runtime":47.918114306}