{"test_loss":35666.67013888889,"_timestamp":1.7272467072567527e+09,"_wandb":{"runtime":48},"_runtime":48.296030689,"_step":749,"train_loss":35759.62152777778}