euclidean_mean,euclidean_median,euclidean_std,frechet_mean,frechet_median,frechet_std
100.10414456329302,99.25164709770235,18.2487204156042,,,
,,,11.346740499159411,11.090536506409418,2.2051283762735374
