{"train_loss": 61494.696180555555, "test_loss": 61866.99001736111, "_timestamp": 1720614595.6394157, "_runtime": 49.00166177749634, "_step": 749, "_wandb": {"runtime": 48}}