euclidean_mean,euclidean_median,euclidean_std,frechet_mean,frechet_median,frechet_std
103.07848450606414,101.54038507973821,21.41594496163457,,,
,,,11.556105368305197,11.247199914953235,2.2188049448508282
