feature_index,ks_stat,p_value
Sad,0.14800925925925923,5.597294909003918e-207
Guilty,0.13648148148148154,6.267187390669983e-176
Happy,0.6981018518518518,0.0
Hopeless,0.09523148148148142,1.067580147871689e-85
Anxious,0.23171296296296306,0.0
Stressed,0.24703703703703705,0.0
Overwhelmed,0.19138888888888894,0.0
Angry,0.0778240740740741,2.4407406538760673e-57
Calm,0.6939814814814815,0.0
Energetic,0.6106944444444444,0.0
Lonely,0.1239351851851852,4.833286160377277e-145
In pain,0.07055555555555548,3.400150830626252e-47
Dizzy,0.08518518518518525,1.247040659216945e-68
Nauseous,0.0796296296296296,5.161756088513051e-60
Racing Heart,0.07537037037037042,8.386355558563936e-54
Look forward completing tasks,0.6937037037037037,0.0
Satisfied with myself,0.7343518518518518,0.0
Satisfied with my physical appearance,0.6650462962962963,0.0
Enjoying moment,0.6991203703703703,0.0
In control,0.7368518518518519,0.0
Concentrated,0.64,0.0
Worried,0.32212962962962954,0.0
WrongDoing,0.7818055555555556,0.0
Impulsivity,0.1331944444444444,1.5187860095581797e-167
