euclidean_mean,euclidean_median,euclidean_std,frechet_mean,frechet_median,frechet_std
104.00454377524713,102.61280910093254,22.375318413437284,,,
,,,11.970107130006992,11.874342087037917,2.3558159158748126
