euclidean_mean,euclidean_median,euclidean_std,frechet_mean,frechet_median,frechet_std
113.29393724689419,114.11614009261658,25.321716739833374,,,
,,,13.405010678506713,13.360376112192993,2.6013073290620836
