euclidean_mean,euclidean_median,euclidean_std,frechet_mean,frechet_median,frechet_std
117.93203334318112,118.51361764962904,22.654456524748095,,,
,,,12.806531678296802,12.668721137138174,2.3246198579319746
