feature_index,ks_stat,p_value
Sad,0.13569444444444445,6.660832944295949e-174
Guilty,0.2143518518518519,0.0
Happy,0.5638425925925925,0.0
Hopeless,0.09273148148148147,2.8481208848589017e-81
Anxious,0.18351851851851853,8.1439e-319
Stressed,0.17625000000000002,6.388384472730945e-294
Overwhelmed,0.11263888888888884,8.209405457079582e-120
Angry,0.11962962962962964,3.8759600308764715e-135
Calm,0.4766666666666667,0.0
Energetic,0.5549537037037037,0.0
Lonely,0.1337962962962963,4.590445764194149e-169
In pain,0.24537037037037046,0.0
Dizzy,0.269074074074074,0.0
Nauseous,0.09134259259259259,7.282421639741521e-79
Racing Heart,0.26,0.0
Look forward completing tasks,0.5716666666666668,0.0
Satisfied with myself,0.6182407407407408,0.0
Satisfied with my physical appearance,0.5118055555555556,0.0
Enjoying moment,0.4328240740740741,0.0
In control,0.5668055555555556,0.0
Concentrated,0.6019907407407408,0.0
Worried,0.3174999999999999,0.0
WrongDoing,0.5191203703703704,0.0
Impulsivity,0.1076851851851851,1.6206660611771313e-109
