feature_index,ks_stat,p_value
Sad,0.19870370370370377,0.0
Guilty,0.2138888888888889,0.0
Happy,0.1541203703703704,1.7675320838958533e-224
Hopeless,0.2111574074074074,0.0
Anxious,0.06712962962962965,9.261100239566496e-43
Stressed,0.04685185185185187,4.85459142171326e-21
Overwhelmed,0.1702777777777778,3.0629187684925497e-274
Angry,0.3106944444444444,0.0
Calm,0.1691666666666667,1.1770970243346542e-270
Energetic,0.11462962962962964,4.416112276822352e-124
Lonely,0.18666666666666665,0.0
In pain,0.24824074074074076,0.0
Dizzy,0.218287037037037,0.0
Nauseous,0.2214814814814814,0.0
Racing Heart,0.24930555555555556,0.0
Look forward completing tasks,0.20587962962962963,0.0
Satisfied with myself,0.285324074074074,0.0
Satisfied with my physical appearance,0.30125,0.0
Enjoying moment,0.1999537037037037,0.0
In control,0.22657407407407404,0.0
Concentrated,0.21074074074074078,0.0
Worried,0.056203703703703756,4.285881949024569e-30
WrongDoing,0.30486111111111114,0.0
Impulsivity,0.28768518518518515,0.0
