{"train_loss": 1.2182222348467608, "val_loss": 3.352251315526073, "_timestamp": 1716714870.646942, "_runtime": 7.614933013916016, "_step": 1, "_wandb": {"runtime": 560}}