feature_index,ks_stat,p_value
Sad,0.18138888888888882,2.051658422036e-311
Guilty,0.13675925925925925,1.1995210368427277e-176
Happy,0.7460185185185184,0.0
Hopeless,0.11870370370370364,4.698517535939597e-133
Anxious,0.2251388888888889,0.0
Stressed,0.2551851851851852,0.0
Overwhelmed,0.2199537037037037,0.0
Angry,0.11560185185185179,3.408362140572638e-126
Calm,0.6734722222222222,0.0
Energetic,0.635787037037037,0.0
Lonely,0.087824074074074,6.281450001592398e-73
In pain,0.09699074074074077,6.959062835379656e-89
Dizzy,0.0800925925925926,1.0400060063198336e-60
Nauseous,0.07652777777777775,1.86127004259957e-55
Racing Heart,0.08976851851851853,3.521926848526767e-76
Look forward completing tasks,0.6880555555555555,0.0
Satisfied with myself,0.7307870370370371,0.0
Satisfied with my physical appearance,0.6453703703703704,0.0
Enjoying moment,0.6308796296296296,0.0
In control,0.7787037037037037,0.0
Concentrated,0.6936574074074074,0.0
Worried,0.2756481481481481,0.0
WrongDoing,0.7597685185185186,0.0
Impulsivity,0.15212962962962961,1.0658489671559255e-218
