euclidean_mean,euclidean_median,euclidean_std,frechet_mean,frechet_median,frechet_std
109.12686742552327,107.43366409429562,21.037641537202333,,,
,,,12.113886374801286,11.789826122551595,2.293319091177534
