feature_index,ks_stat,p_value
Sad,0.10064814814814815,1.0742520144973413e-95
Guilty,0.10773148148148148,1.3050909307397646e-109
Happy,0.48546296296296293,0.0
Hopeless,0.09578703703703706,1.0683012969605262e-86
Anxious,0.14523148148148157,2.911409518646138e-199
Stressed,0.09564814814814815,1.901822528925918e-86
Overwhelmed,0.13254629629629633,6.460256011759085e-166
Angry,0.22759259259259257,0.0
Calm,0.524074074074074,0.0
Energetic,0.4206944444444445,0.0
Lonely,0.15773148148148142,3.682218346868571e-235
In pain,0.09291666666666676,1.3513367774934832e-81
Dizzy,0.09398148148148144,1.8043105981792138e-83
Nauseous,0.10157407407407404,1.8464819078827843e-97
Racing Heart,0.07138888888888895,2.625197995448017e-48
Look forward completing tasks,0.539074074074074,0.0
Satisfied with myself,0.5718981481481481,0.0
Satisfied with my physical appearance,0.4464814814814815,0.0
Enjoying moment,0.5082407407407408,0.0
In control,0.4885185185185186,0.0
Concentrated,0.43546296296296294,0.0
Worried,0.1316666666666667,1.0181037003537798e-163
WrongDoing,0.4985185185185185,0.0
Impulsivity,0.22800925925925924,0.0
