{"train_loss": 0.36014793038844023, "val_loss": 1.8949222751067334, "_timestamp": 1716721547.8881905, "_runtime": 2034.7108745574951, "_step": 499, "_wandb": {"runtime": 2034}, "supervisor_loss": 0.05701111607953435, "E_loss": 1.946549654006958, "G_loss": 152.8927001953125, "D_loss": 0.05540229752659798}