{"test_loss":167995.85416666666,"_wandb":{"runtime":48},"_timestamp":1.727243728765033e+09,"_runtime":48.150751521,"_step":749,"train_loss":168400.68402777778}