euclidean_mean,euclidean_median,euclidean_std,frechet_mean,frechet_median,frechet_std
98.15699536247342,95.4541694040679,18.546752793660325,,,
,,,11.160012778838407,10.677078252031311,2.166334153599665
