{"train_loss": 0.8488301880588028, "val_loss": 2.90361412042426, "_timestamp": 1716713159.5333087, "_runtime": 1458.7925646305084, "_step": 499, "_wandb": {"runtime": 1458}, "supervisor_loss": 0.09032384474490934, "E_loss": 11.630407333374023, "G_loss": 132.2486114501953, "D_loss": 1.3806577920913696}