euclidean_mean,euclidean_median,euclidean_std,frechet_mean,frechet_median,frechet_std
112.39826170690522,110.47618384908259,23.65217135297501,,,
,,,12.674175127084103,12.509980041469232,2.4740332260416786
