{"train_loss":65863.82682291667,"test_loss":65504.889322916664,"_timestamp":1.727246099412811e+09,"_runtime":47.784391585,"_step":749,"_wandb":{"runtime":47}}