feature_index,ks_stat,p_value
Sad,0.03546296296296303,3.092098175573479e-12
Guilty,0.14097222222222228,1.0145062316688141e-187
Happy,0.19555555555555554,0.0
Hopeless,0.134074074074074,9.081001200842774e-170
Anxious,0.10750000000000004,3.8503142277401563e-109
Stressed,0.029398148148148118,1.5268353987500376e-08
Overwhelmed,0.05837962962962967,1.94615581033083e-32
Angry,0.2313425925925926,0.0
Calm,0.1860648148148148,0.0
Energetic,0.24430555555555555,0.0
Lonely,0.07759259259259255,5.320778714602502e-57
In pain,0.10125000000000006,7.688938559078952e-97
Dizzy,0.10995370370370372,3.573267363694466e-114
Nauseous,0.17041666666666666,1.0873192423880283e-274
Racing Heart,0.1559722222222223,6.32971655185993e-230
Look forward completing tasks,0.3168518518518519,0.0
Satisfied with myself,0.22865740740740736,0.0
Satisfied with my physical appearance,0.21185185185185185,0.0
Enjoying moment,0.20865740740740743,0.0
In control,0.2837037037037037,0.0
Concentrated,0.2103240740740741,0.0
Worried,0.05430555555555555,4.0083364665790405e-28
WrongDoing,0.30486111111111114,0.0
Impulsivity,0.2433796296296296,0.0
