feature_index,ks_stat,p_value
Sad,0.0975462962962963,6.672329352857503e-90
Guilty,0.1922222222222223,0.0
Happy,0.5253703703703703,0.0
Hopeless,0.10013888888888889,9.88040073334692e-95
Anxious,0.1533796296296297,2.5536038517040462e-222
Stressed,0.15125,3.608706798514203e-216
Overwhelmed,0.11240740740740746,2.545829473937793e-119
Angry,0.11592592592592588,6.6737352116764585e-127
Calm,0.554537037037037,0.0
Energetic,0.47,0.0
Lonely,0.13518518518518519,1.3440517850719444e-172
In pain,0.14467592592592593,9.759978727880394e-198
Dizzy,0.0772222222222223,1.8424384473951957e-56
Nauseous,0.0890277777777777,6.220368121487e-75
Racing Heart,0.07643518518518522,2.5295459127764825e-55
Look forward completing tasks,0.5394444444444444,0.0
Satisfied with myself,0.5996296296296296,0.0
Satisfied with my physical appearance,0.5577314814814816,0.0
Enjoying moment,0.5371296296296296,0.0
In control,0.5674074074074075,0.0
Concentrated,0.5639351851851852,0.0
Worried,0.15851851851851861,1.6016650315774504e-237
WrongDoing,0.5693055555555555,0.0
Impulsivity,0.09791666666666665,1.3873000366964158e-90
