feature_index,ks_stat,p_value
Sad,0.24208333333333332,0.0
Guilty,0.15787037037037033,1.4133219445909174e-235
Happy,0.6791666666666667,0.0
Hopeless,0.11546296296296288,6.845984765026563e-126
Anxious,0.32467592592592587,0.0
Stressed,0.3017129629629629,0.0
Overwhelmed,0.2693055555555556,0.0
Angry,0.12722222222222224,7.656648874695861e-153
Calm,0.5758333333333333,0.0
Energetic,0.6209259259259259,0.0
Lonely,0.14560185185185182,2.779049633965761e-200
In pain,0.10893518518518519,4.528257103300347e-112
Dizzy,0.06814814814814818,4.690796403896449e-44
Nauseous,0.060694444444444384,4.99817292872145e-35
Racing Heart,0.14430555555555558,1.0070164006611278e-196
Look forward completing tasks,0.7650925925925925,0.0
Satisfied with myself,0.7288888888888889,0.0
Satisfied with my physical appearance,0.6565277777777778,0.0
Enjoying moment,0.6265740740740741,0.0
In control,0.6901851851851852,0.0
Concentrated,0.6738425925925926,0.0
Worried,0.5393055555555555,0.0
WrongDoing,0.5692592592592594,0.0
Impulsivity,0.07231481481481483,1.4717971585541619e-49
