{"train_loss": 92067.86111111111, "test_loss": 90339.22395833333, "_timestamp": 1720606276.301791, "_runtime": 50.47502088546753, "_step": 749, "_wandb": {"runtime": 49}}