feature_index,ks_stat,p_value
Sad,0.24879629629629635,0.0
Guilty,0.2406944444444445,0.0
Happy,0.3102777777777777,0.0
Hopeless,0.28680555555555554,0.0
Anxious,0.06995370370370374,2.121754483458233e-46
Stressed,0.029814814814814794,8.956601445305376e-09
Overwhelmed,0.12194444444444447,2.0308370311792324e-140
Angry,0.19032407407407403,0.0
Calm,0.24976851851851856,0.0
Energetic,0.23523148148148149,0.0
Lonely,0.2538888888888889,0.0
In pain,0.1993518518518519,0.0
Dizzy,0.1714351851851852,5.3269280600991377e-278
Nauseous,0.2066203703703703,0.0
Racing Heart,0.15814814814814815,2.0767354337994813e-236
Look forward completing tasks,0.28699074074074077,0.0
Satisfied with myself,0.3449537037037037,0.0
Satisfied with my physical appearance,0.28500000000000003,0.0
Enjoying moment,0.2529166666666667,0.0
In control,0.29500000000000004,0.0
Concentrated,0.21805555555555556,0.0
Worried,0.13990740740740748,6.872937463872851e-185
WrongDoing,0.30486111111111114,0.0
Impulsivity,0.1950925925925926,0.0
