{"_runtime":47.800077691,"_wandb":{"runtime":47},"_step":749,"train_loss":70412.0546875,"test_loss":70183.41883680556,"_timestamp":1.7272460322352607e+09}