{"_timestamp":1.7272439332780654e+09,"_wandb":{"runtime":48},"_runtime":48.08579527,"_step":749,"train_loss":120706.77690972222,"test_loss":120141.51302083333}